Date,open,high,low,close,volume,adj_close,ret_1d,mom_5d,mom_5d_z,fwd_ret_5d,signal_z,position,strategy_ret_net,equity_strategy,equity_buyhold
2015-05-19,130.690002,130.880005,129.639999,130.070007,44633200,125.581344,-0.0009216911899658786,0.03336780351844726,1.4281143384470814,0.015145577674339883,1.4281143384470814,1,0.0,1.0,0.9990783088100341
2015-05-20,130.0,130.979996,129.339996,130.059998,36454900,125.571679,-7.69620685059369e-05,0.03214027201238201,1.3791965571073705,0.013224677835198761,1.3791965571073705,1,0.0,1.0,0.9990014176767887
2015-05-21,130.070007,131.630005,129.830002,131.389999,39730400,126.855783,0.010226063792616813,0.01892208275303875,0.7921186425198071,-0.008448136731772027,0.7921186425198071,0,0.0,1.0,1.0092172699028663
2015-05-22,131.600006,132.970001,131.399994,132.539993,45596000,127.966091,0.008752521751412834,0.029276917593952456,1.214516193687867,-0.015089786559159712,1.214516193687867,1,0.0,1.0,1.0180504660095926
2015-05-26,132.600006,132.910004,129.119995,129.619995,70697600,125.146861,-0.022031070715444523,-0.0043782757989561105,-0.21713224171378512,0.002623142101822351,-0.21713224171378512,0,0.0,1.0,0.995621724201044
2015-05-27,130.339996,132.259995,130.050003,132.039993,45833200,127.483346,0.018669944905769453,0.015145577674339883,0.5875135852200701,-0.014541036599400203,0.5875135852200701,0,0.014145577674339882,1.01414557767434,1.0142099269388647
2015-05-28,131.860001,131.949997,131.100006,131.779999,30733300,127.232324,-0.001969057197478863,0.013224677835198761,0.48328881800000323,-0.018363926135625763,0.48328881800000323,0,0.0,1.01414557767434,1.0122128895824711
2015-05-29,131.229996,131.449997,129.899994,130.279999,50884500,125.784088,-0.011382610601375243,-0.008448136731772027,-0.44860022142106787,-0.012511550745591848,-0.44860022142106787,0,0.0,1.01414557767434,1.000691264414661
2015-06-01,130.279999,131.389999,130.050003,130.539993,32112800,126.03511,0.001995657829152453,-0.015089786559159712,-0.7560698619638166,-0.020989659151327,-0.7560698619638166,0,0.0,1.01414557767434,1.0026883017710546
2015-06-02,129.860001,130.660004,129.320007,129.960007,33667600,125.475139,-0.004442976246856967,0.002623142101822351,0.005995606044274593,-0.019544541010629968,0.005995606044274593,0,0.0,1.01414557767434,0.9982333814632844
2015-06-03,130.660004,130.940002,129.899994,130.119995,30889400,125.629606,0.0012310566159245973,-0.014541036599400203,-0.7486289226065985,-0.009529584929208523,-0.7486289226065985,0,0.0,1.01414557767434,0.9994622632717716
2015-06-04,129.580002,130.580002,128.910004,129.360001,38450100,124.895839,-0.005840717195276457,-0.018363926135625763,-0.9489647887922477,-0.005952416076887901,-0.9489647887922477,0,0.0,1.01414557767434,0.9936246868446502
2015-06-05,129.5,129.690002,128.360001,128.649994,35626800,124.210334,-0.005488613595845959,-0.012511550745591848,-0.7460802205940726,-0.011504042811767978,-0.7460802205940726,0,0.0,1.01414557767434,0.9881710648792665
2015-06-08,128.899994,129.210007,126.830002,127.800003,52674800,123.389676,-0.006607002602537104,-0.020989659151327,-1.133768008137818,-0.0068857948861134055,-1.133768008137818,-1,0.0,1.01414557767434,0.9816422160818573
2015-06-09,126.699997,128.080002,125.620003,127.419998,56075400,123.022785,-0.0029734335310191984,-0.019544541010629968,-1.0738863311046611,0.0014126570130890137,-1.0738863311046611,-1,0.0,1.01414557767434,0.9787233682010955
2015-06-10,127.919998,129.339996,127.849998,128.880005,39087300,124.432408,0.011458227026806433,-0.009529584929208523,-0.6141627312262021,-0.012259483076145217,-0.6141627312262021,0,0.0,1.01414557767434,0.9899378027503843
2015-06-11,129.179993,130.179993,128.479996,128.589996,35390900,124.152407,-0.0022502256807567234,-0.005952416076887901,-0.42698413336513696,-0.00552141530369199,-0.42698413336513696,0,0.0,1.01414557767434,0.9877102192842836
2015-06-12,128.190002,128.330002,127.110001,127.169998,36886200,122.781413,-0.01104283060738398,-0.011504042811767978,-0.6674990671686019,-0.004482193082433472,-0.6674990671686019,0,0.0,1.01414557767434,0.9768031026435452
2015-06-15,126.099998,127.239998,125.709999,126.919998,43988900,122.54004,-0.0019658757307182695,-0.0068857948861134055,-0.4181296309384997,0.005436516913165601,-0.4181296309384997,0,0.0058857948861134055,1.0201146305291902,0.974882829130368
2015-06-16,127.029999,127.849998,126.370003,127.599998,31494100,123.196574,0.005357710018700779,0.0014126570130890137,0.008616445538558348,-0.004467088508483985,0.008616445538558348,0,0.0,1.0201146305291902,0.980105968631059
2015-06-17,127.720001,127.879997,126.739998,127.300003,32918100,122.906931,-0.0023510637560424374,-0.012259483076145217,-0.6514263602109979,0.0063629039765056294,-0.6514263602109979,0,0.0,1.0201146305291902,0.9778016770111296
2015-06-18,127.230003,128.309998,127.220001,127.879997,35407200,123.46691,0.004556122225523707,-0.00552141530369199,-0.3111401290008634,-0.0029715168217946397,-0.3111401290008634,0,0.0,1.0201146305291902,0.9822566609639144
2015-06-19,127.709999,127.82,126.400002,126.599998,54716900,122.231083,-0.010009378221257803,-0.004482193082433472,-0.2988895953965058,0.0011848459200840544,-0.2988895953965058,0,0.0,1.0201146305291902,0.9724248825339767
2015-06-22,127.489998,128.059998,127.080002,127.610001,34039300,123.206231,0.007977905259990203,0.005436516913165601,0.19248660509548907,-0.024136060131569215,0.19248660509548907,0,0.0,1.0201146305291902,0.9801827961192899
2015-06-23,127.480003,127.610001,126.879997,127.029999,30268900,122.646244,-0.00454511915067024,-0.004467088508483985,-0.349043151392539,-0.012595436677212857,-0.349043151392539,0,0.0,1.0201146305291902,0.9757277485214907
2015-06-24,127.209999,129.800003,127.120003,128.110001,55280900,123.688976,0.00850194809064031,0.0063629039765056294,0.21823397977570386,-0.011786765863434745,0.21823397977570386,0,0.0,1.0201146305291902,0.9840233351900177
2015-06-25,128.860001,129.199997,127.5,127.5,31938100,123.100026,-0.004761539945160487,-0.0029715168217946397,-0.29711563795105755,-0.008313702549502255,-0.29711563795105755,0,0.0,1.0201146305291902,0.9793378687725404
2015-06-26,127.669998,127.989998,126.510002,126.75,44066800,122.375908,-0.005882354565871495,0.0011848459200840544,-0.06744414346295563,-0.005917161407292593,-0.06744414346295563,0,0.0,1.0201146305291902,0.9735770561886353
2015-06-29,125.459999,126.470001,124.480003,124.529999,49161400,120.232518,-0.0175148036490973,-0.024136060131569215,-1.3837186548997629,0.00931505900924412,-1.3837186548997629,-1,0.0,1.0201146305291902,0.9565250452122253
2015-06-30,125.57,126.120003,124.860001,125.43,44370700,121.101461,0.007227187906020616,-0.012595436677212857,-0.7439916205691229,-0.022801566365908688,-0.7439916205691229,0,0.0,1.0201146305291902,0.9634380314507889
2015-07-01,126.900002,126.940002,125.989998,126.599998,30238800,122.231083,0.00932789737359152,-0.011786765863434745,-0.6894861205174473,-0.05157976878925297,-0.6894861205174473,0,0.0,1.0201146305291902,0.9724248825339769
2015-07-02,126.43,126.690002,125.769997,126.440002,27211000,122.076609,-0.0012637865607391108,-0.008313702549502255,-0.4857385672598142,-0.024992126050945584,-0.4857385672598142,0,0.0,1.0201146305291902,0.9711959450361021
2015-07-06,124.940002,126.230003,124.849998,126.0,28060400,121.65179,-0.003479937749581441,-0.005917161407292593,-0.3366037972174966,-0.002698381996680932,-0.3366037972174966,0,0.0,1.0201146305291902,0.9678162436047305
2015-07-07,125.889999,126.150002,123.769997,125.690002,46946800,121.352491,-0.0024602926105732337,0.00931505900924412,0.4980474660643968,-0.0006365011493666417,0.4980474660643968,0,-0.01031505900924412,1.0095920879190883,0.965435132452197
2015-07-08,124.480003,124.639999,122.540001,122.57,60761600,118.340158,-0.024823000955126684,-0.022801566365908688,-1.2217729981798906,0.03467406220633906,-1.2217729981798906,-1,0.0,1.0095920879190883,0.9414701352372233
2015-07-09,123.849998,124.059998,119.220001,120.07,77821600,115.926432,-0.020396508174342576,-0.05157976878925297,-2.565277970675882,0.07029228674958254,-2.565277970675882,-1,0.0,1.0095920879190883,0.9222674319279579
2015-07-10,121.940002,123.849998,121.209999,123.279999,61354500,119.025655,0.02673439479272499,-0.024992126050945584,-1.175682181357864,0.05142761869279355,-1.175682181357864,-1,0.0,1.0095920879190883,0.9469236935575925
2015-07-13,125.029999,125.760002,124.32,125.660004,41440500,121.323527,0.019305686660577415,-0.002698381996680932,-0.055617665444942926,0.0510106914382733,-0.055617665444942926,0,0.0,1.0095920879190883,0.9652047056768921
2015-07-14,126.040001,126.370003,125.040001,125.610001,31768100,121.27525,-0.0003979195230616739,-0.0006365011493666417,0.033258970186444727,0.04092030319459239,0.033258970186444727,0,0.0,1.0095920879190883,0.9648206318807523
2015-07-15,125.720001,127.150002,125.580002,126.82,33649200,122.443492,0.009632979523851892,0.03467406220633906,1.7487861112129246,-0.0126162932367202,1.7487861112129246,1,-0.03567406220633906,0.973575836971635,0.9741147292718494
2015-07-16,127.739998,128.570007,127.349998,128.509995,36222400,124.075166,0.013325934872879808,0.07029228674958254,3.144538477424962,-0.026067940138802537,3.144538477424962,1,0.0,0.973575836971635,0.987095718712839
2015-07-17,129.080002,129.619995,128.309998,129.619995,46164700,125.146861,0.008637465776189401,0.05142761869279355,2.1822229304497585,-0.039500039877148896,2.1822229304497585,1,0.0,0.973575836971635,0.9956217242010442
2015-07-20,130.970001,132.970001,130.699997,132.070007,58900200,127.512324,0.01890149685815934,0.0510106914382733,2.089439411073769,-0.07041727982308599,2.089439411073769,1,0.0,0.973575836971635,1.0144404650929455
2015-07-21,132.850006,132.919998,130.320007,130.75,76756400,126.23787,-0.009994751566131055,0.04092030319459239,1.6749650715155668,-0.05636713452151876,1.6749650715155668,1,0.0,0.973575836971635,1.0043013846657112
2015-07-22,121.989998,125.5,121.989998,125.220001,115450600,120.898709,-0.042294447775457544,-0.0126162932367202,-0.5584735428855,-0.017808684789181628,-0.5584735428855,0,-0.0136162932367202,0.9603193428872439,0.9618250122011476
2015-07-23,126.199997,127.089996,125.059998,125.160004,50999500,120.840782,-0.00047913662998666506,-0.026067940138802537,-1.1011397005850894,-0.02229147275793031,-1.1011397005850894,-1,0.0,0.9603193428872439,0.9613641666061646
2015-07-24,125.32,125.739998,123.900002,124.5,42162300,120.203555,-0.005273277691963396,-0.039500039877148896,-1.6149227713055994,-0.02570278391516778,-1.6149227713055994,-1,0.0,0.9603193428872439,0.9562946263925474
2015-07-27,123.089996,123.610001,122.120003,122.769997,44455500,118.533253,-0.013895612321948358,-0.07041727982308599,-2.747543621873786,-0.03526915776115591,-2.747543621873786,-1,0.0,0.9603193428872439,0.9430063269986341
2015-07-28,123.379997,123.910004,122.550003,123.379997,33618100,119.122203,0.004968647911822721,-0.05636713452151876,-2.074605559670793,-0.07083804519632664,-2.074605559670793,-1,0.0,0.9603193428872439,0.9476917934161114
2015-07-29,123.150002,123.5,122.269997,122.989998,37011700,118.745662,-0.0031609640395922067,-0.017808684789181628,-0.5988266767878551,-0.06171230069861422,-0.5988266767878551,0,0.0,0.9603193428872439,0.9446961737365065
2015-07-30,122.32,122.57,121.709999,122.370003,33628300,118.147063,-0.005041017835245132,-0.02229147275793031,-0.7898213880696534,-0.054906256958753175,-0.7898213880696534,0,0.021291472757930308,0.9807659560152412,0.9399339434758129
2015-07-31,122.599998,122.639999,120.910004,121.300003,42885000,117.113989,-0.008743966830559335,-0.02570278391516778,-0.9267350519320537,-0.04333977557540114,-0.9267350519320537,0,0.0,0.9807659560152412,0.9317151922511436
2015-08-03,121.5,122.57,117.519997,118.440002,69976000,114.352685,-0.023577917749859956,-0.03526915776115591,-1.2593510409443183,0.015382489707172375,-1.2593510409443183,-1,0.0,0.9807659560152412,0.9097472880819512
2015-08-04,117.419998,117.699997,113.25,114.639999,124138600,110.683819,-0.03208377660743156,-0.07083804519632664,-2.4577508661288774,-0.005550404797651565,-2.4577508661288774,-1,0.0,0.9807659560152412,0.8805591593219132
2015-08-05,112.949997,117.440002,112.099998,115.400002,99312600,111.417594,0.006629469480087247,-0.06171230069861422,-2.0214786383437895,0.0031336253769760347,-2.0214786383437895,-1,0.0,0.9807659560152412,0.8863967993940491
2015-08-06,115.970001,116.5,114.120003,115.129997,52903000,111.66005,0.00217610155896919,-0.054906256958753175,-1.7026394247121224,0.0001737505938785855,-1.7026394247121224,-1,0.0,0.9807659560152412,0.8883256888510759
2015-08-07,114.580002,116.25,114.5,115.519997,38670400,112.038295,0.0033874693769169184,-0.04333977557540114,-1.2576025019440826,0.0038088851673439006,-1.2576025019440826,-1,0.0,0.9807659560152412,0.8913348649187876
2015-08-10,116.529999,119.989998,116.529999,119.720001,54951600,116.111714,0.036357381197205774,0.015382489707172375,0.7647979706441795,-0.0213832085882395,0.7647979706441795,0,-0.016382489707172376,0.9646985678356764,0.9237414663769998
2015-08-11,117.809998,118.18,113.330002,113.489998,97082800,110.069479,-0.05203811735997632,-0.005550404797651565,0.0515640689605928,0.026522175143574467,0.0515640689605928,0,0.0,0.9646985678356764,0.8756716995393969
2015-08-12,112.529999,115.419998,109.629997,115.239998,101217500,111.766735,0.015419860395632368,0.0031336253769760347,0.37263056473292616,-0.001995799555207456,0.37263056473292616,0,0.0,0.9646985678356764,0.8891744348987006
2015-08-13,116.040001,116.400002,114.540001,115.150002,48535800,111.679451,-0.0007809479269480502,0.0001737505938785855,0.29331665110680266,-0.02171080694155636,0.29331665110680266,0,0.0,0.9646985678356764,0.8884800359670713
2015-08-14,114.32,116.309998,114.010002,115.959999,42929500,112.465036,0.007034284221185905,0.0038088851673439006,0.44696863079080085,-0.08796133760184799,0.44696863079080085,0,0.0,0.9646985678356764,0.8947298570649131
2015-08-17,116.040001,117.650002,115.5,117.160004,40884700,113.628873,0.01034843397907248,-0.0213832085882395,-0.4446109330393533,-0.11983612650985287,-0.4446109330393533,0,0.0,0.9646985678356764,0.9039889099198544
2015-08-18,116.43,117.440002,116.010002,116.5,34560700,112.988761,-0.005633356937369327,0.026522175143574467,1.3080043995870785,-0.10952791136456486,1.3080043995870785,1,0.0,0.9646985678356764,0.8988964177228524
2015-08-19,116.099998,116.519997,114.68,115.010002,47445700,111.543671,-0.012789679143397237,-0.001995799555207456,0.26352481217400087,-0.046256842308874724,0.26352481217400087,0,0.0,0.9646985678356764,0.887399820957028
2015-08-20,114.080002,114.349998,111.629997,112.650002,68501600,109.2548,-0.02051995401872686,-0.02171080694155636,-0.43706651984864936,0.0023967734140741825,-0.43706651984864936,0,0.0,0.9646985678356764,0.8691904174347633
2015-08-21,110.43,111.900002,105.650002,105.760002,128275500,102.572461,-0.061162887122579446,-0.08796133760184799,-2.6506684424164133,0.0711989254113734,-2.6506684424164133,-1,0.0,0.9646985678356764,0.8160282220451732
2015-08-24,94.870003,108.800003,92.0,103.120003,162206300,100.012029,-0.02496217771356779,-0.11983612650985287,-3.322090676786115,0.09348331489205175,-3.322090676786115,-1,0.0,0.9646985678356764,0.7956583805471948
2015-08-25,111.110001,111.110001,103.5,103.739998,103601600,100.613338,0.006012366772401023,-0.10952791136456486,-2.7520508781704667,0.03836517182244781,-2.7520508781704667,-1,-0.11052791136456486,0.8580724500364121,0.8004421705565792
2015-08-26,107.089996,109.889999,105.050003,109.690002,96774600,106.384013,0.05735497017304003,-0.046256842308874724,-0.8835607446676857,0.02415894012195241,-0.8835607446676857,0,0.0,0.8580724500364121,0.8463515073740951
2015-08-27,112.230003,113.239998,110.019997,112.919998,84616100,109.516659,0.029446586114400652,0.0023967734140741825,0.5162068416439431,-0.02258231781888087,0.5162068416439431,0,0.0,0.8580724500364121,0.8712736699190392
2015-08-28,112.169998,113.309998,111.540001,113.290001,53164400,109.87551,0.0032766795780356794,0.0711989254113734,2.342093011694762,-0.03548419479463627,2.342093011694762,1,0.0,0.8580724500364121,0.8741285545601432
2015-08-31,112.029999,114.529999,112.0,112.760002,56229300,109.361485,-0.004678249047490257,0.09348331489205175,2.7153754835750186,-0.003990819985664973,2.7153754835750186,1,0.0,0.8580724500364121,0.8700391634823881
2015-09-01,110.150002,111.879997,107.360001,107.720001,76845900,104.473386,-0.04469671383851448,0.03836517182244781,1.2569761379508735,0.022558491595170427,1.2569761379508735,1,-0.03936517182244781,0.82429428060462,0.8311512719639153
2015-09-02,110.230003,112.339996,109.129997,112.339996,61888800,108.954138,0.042888932498081234,0.02415894012195241,0.8729250888673165,0.0020473843774524436,0.8729250888673165,0,0.0,0.82429428060462,0.86679846276287
2015-09-03,112.489998,112.779999,110.040001,110.370003,53233900,107.043519,-0.01753599298816899,-0.02258231781888087,-0.2989204133151907,0.0347920269698907,-0.2989204133151907,0,0.0,0.82429428060462,0.8515982909977047
2015-09-04,108.970001,110.449997,108.510002,109.269997,49996300,105.976666,-0.009966535199576243,-0.03548419479463627,-0.6094342871833958,0.05527593215661275,-0.6094342871833958,0,0.0,0.82429428060462,0.843110806654577
2015-09-08,111.75,112.559998,110.32,112.309998,54843600,108.925043,0.02782100165332624,-0.003990819985664973,0.1777378170795143,0.035348602065734314,0.1777378170795143,0,0.0,0.82429428060462,0.8665669938004512
2015-09-09,113.760002,114.019997,109.769997,110.150002,85010800,106.830148,-0.01923244593073059,0.022558491595170427,0.8266969190442159,0.05683161648339197,0.8266969190442159,0,0.021558491595170426,0.8420648219249818,0.8499007909468282
2015-09-10,110.269997,113.279999,109.900002,112.57,62892800,109.177209,0.021970024791129195,0.0020473843774524436,0.3147881410161664,0.011992521259633904,0.3147881410161664,0,0.0,0.8420648219249818,0.8685731323939304
2015-09-11,111.790001,114.209999,111.760002,114.209999,49915500,110.76778,0.01456870911583752,0.0347920269698907,1.100282648675726,-0.0066544260433856195,1.100282648675726,1,0.0,0.8420648219249818,0.8812271217056095
2015-09-14,116.580002,116.889999,114.860001,115.309998,58363400,111.834625,0.009631365727470476,0.05527593215661275,1.5479797388100476,-0.0008672180015805164,1.5479797388100476,1,0.0,0.8420648219249818,0.8897145424037223
2015-09-15,115.93,116.529999,114.419998,116.279999,43341200,112.775391,0.008412117445737444,0.035348602065734314,1.0405912190171416,-0.02476777934647101,1.0405912190171416,1,0.0,0.8420648219249818,0.897198925627603
2015-09-16,116.25,116.540001,115.440002,116.410004,37173500,112.901478,0.0011180364694989287,0.05683161648339197,1.5055447921961125,-0.01795382164970416,1.5055447921961125,1,0.0,0.8420648219249818,0.8982020267468499
2015-09-17,115.660004,116.489998,113.720001,113.919998,64112600,110.486519,-0.02138996798607007,0.011992521259633904,0.44499291549515896,0.009480360223856676,0.44499291549515896,0,0.0,0.8420648219249818,0.8789895141497115
2015-09-18,112.209999,114.300003,111.870003,113.449997,74285300,110.030684,-0.004125706956158215,-0.0066544260433856195,0.012768810594178663,0.011106229240563481,0.012768810594178663,0,-0.0076544260433856195,0.8356192990218203,0.875363060996794
2015-09-21,113.669998,115.370003,113.660004,115.209999,50222000,111.73764,0.015513454410589711,-0.0008672180015805164,0.14777105344160818,-0.024043017196353822,0.14777105344160818,0,0.0,0.8356192990218203,0.888942965936282
2015-09-22,113.379997,114.18,112.519997,113.400002,50346200,109.982195,-0.01571041772494919,-0.02476777934647101,-0.40259692871041075,-0.0382716402414045,-0.40259692871041075,0,0.0,0.8356192990218203,0.8749773006077677
2015-09-23,113.629997,114.720001,113.300003,114.32,35756700,110.874465,0.00811285863134481,-0.01795382164970416,-0.24544959186027332,-0.035164417704292905,-0.24544959186027332,0,0.0,0.8356192990218203,0.8820758677532342
2015-09-24,113.25,115.5,112.370003,115.0,50219500,111.533971,0.005948222613745946,0.009480360223856676,0.38915492283533176,-0.04713042091902209,0.38915492283533176,0,0.0,0.8356192990218203,0.8873226513768436
2015-09-25,116.440002,116.690002,114.019997,114.709999,56151900,111.25271,-0.00252175187055792,0.011106229240563481,0.41772971542955656,-0.03774737712007192,0.41772971542955656,0,0.0,0.8356192990218203,0.8850850438209457
2015-09-28,113.849998,114.57,112.440002,112.440002,52109000,109.05113,-0.019789001094894565,-0.024043017196353822,-0.398183645608224,-0.014763460039341147,-0.398183645608224,0,0.0,0.8356192990218203,0.8675700949196982
2015-09-29,112.830002,113.510002,107.860001,109.059998,73365400,105.772996,-0.03006052298586903,-0.0382716402414045,-0.7149520021964466,0.02063085175350432,-0.7149520021964466,0,0.0,0.8356192990218203,0.841490484139512
2015-09-30,110.169998,111.540001,108.730003,110.300003,66473000,106.975629,0.011369943610181954,-0.035164417704292905,-0.6241293604469497,0.004351729495322809,-0.6241293604469497,0,0.0,0.8356192990218203,0.8510581834926829
2015-10-01,109.07,109.620003,107.309998,109.580002,63929100,106.277328,-0.006527664352410589,-0.04713042091902209,-0.887362449635075,-0.0007300804551653162,-0.887362449635075,0,0.0,0.8356192990218203,0.8455027613264704
2015-10-02,108.010002,111.010002,107.550003,110.379997,58019800,107.053212,0.007300559908694826,-0.03774737712007192,-0.6791455777776436,0.015763777363354547,-0.6791455777776436,0,0.0,0.8356192990218203,0.8516754048885012
2015-10-05,109.879997,111.370003,109.07,110.779999,52064700,107.441158,0.0036238613746590875,-0.014763460039341147,-0.15026686787408114,0.007402051642071861,-0.15026686787408114,0,0.0,0.8356192990218203,0.8547617584920238
2015-10-06,110.629997,111.739998,109.769997,111.309998,48196800,107.955183,0.0047842466478256185,0.02063085175350432,0.6599813644791037,0.004312308006554799,0.6599813644791037,0,0.0,0.8356192990218203,0.8588511495697788
2015-10-07,111.739998,111.769997,109.410004,110.779999,46765600,107.441158,-0.004761466617123955,0.004351729495322809,0.2813856336034576,-0.005145337320359045,0.2813856336034576,0,0.0,0.8356192990218203,0.8547617584920237
2015-10-08,110.190002,110.190002,108.209999,109.5,61979600,106.199737,-0.011554426842644405,-0.0007300804551653162,0.1789798051678325,0.021552520417258636,0.1789798051678325,0,0.0,0.8356192990218203,0.8448854762856376
2015-10-09,110.0,112.279999,109.489998,112.120003,52766100,108.740775,0.023926970741933173,0.015763777363354547,0.6004731738851391,-0.009632559635518456,0.6004731738851391,0,0.0,0.8356192990218203,0.8651010263570084
2015-10-12,112.730003,112.75,111.440002,111.599998,30467200,108.236443,-0.004637929056510837,0.007402051642071861,0.4250190987336285,0.0011649218738647438,0.4250190987336285,0,0.0,0.8356192990218203,0.8610887491700498
2015-10-13,110.82,112.449997,110.68,111.790001,33049300,108.420719,0.0017025319281789297,0.004312308006554799,0.3755080582644882,0.01771174382269125,0.3755080582644882,0,0.0,0.8356192990218203,0.8625547802585075
2015-10-14,111.290001,111.519997,109.559998,110.209999,44462400,106.888337,-0.014133663880240399,-0.005145337320359045,0.16228836073677158,0.03221125986832396,0.16228836073677158,0,0.0,0.8356192990218203,0.8503637209160392
2015-10-15,110.93,112.099998,110.489998,111.860001,37673500,108.488609,0.014971436967907925,0.021552520417258636,0.8148062803749397,0.0325406697766768,0.8148062803749397,0,0.0,0.8356192990218203,0.8630948877635293
2015-10-16,111.779999,112.0,110.529999,111.040001,39232600,107.693323,-0.007330594495869924,-0.009632559635518456,0.028077741924452476,0.07240635522036953,0.028077741924452476,0,0.0,0.8356192990218203,0.8567678891298764
2015-10-19,110.800003,111.75,110.110001,111.730003,29759200,108.36253,0.006214006415235174,0.0011649218738647438,0.2825416557020345,0.03177297540026047,0.2825416557020345,0,0.0,0.8356192990218203,0.862091850289297
2015-10-20,111.339996,114.169998,110.82,113.769997,48778800,110.341039,0.01825823926407022,0.01771174382269125,0.6724057572454579,0.00685598945647059,0.6724057572454579,0,0.0,0.8356192990218203,0.877832129559484
2015-10-21,114.0,115.580002,113.699997,113.760002,41795200,110.331345,-8.785489141527325e-05,0.03221125986832396,1.0092969836630215,0.04843525654472902,1.0092969836630215,1,0.0,0.8356192990218203,0.8777550077130607
2015-10-22,114.330002,115.5,114.099998,115.5,41654100,112.018901,0.015295345126083548,0.0325406697766768,0.9884354167450432,0.04354977558653261,0.9884354167450432,0,0.0,0.8356192990218203,0.89118057349218
2015-10-23,116.699997,119.230003,116.330002,119.080002,59366900,115.491004,0.030995688843617586,0.07240635522036953,1.9034360411706603,0.0035270192992693516,1.9034360411706603,1,0.0,0.8356192990218203,0.9188033292516203
2015-10-26,118.080002,118.129997,114.919998,115.279999,66333800,111.80553,-0.031911351294512946,0.03177297540026047,0.8731410775193965,0.051179749337979974,0.8731410775193965,0,0.0,0.8356192990218203,0.8894830734413038
2015-10-27,115.400002,116.540001,113.989998,114.550003,69884400,111.097536,-0.006332370143051103,0.00685598945647059,0.24467651667090295,0.07001306491621917,0.24467651667090295,0,0.0,0.8356192990218203,0.8838505373842948
2015-10-28,116.93,119.300003,116.059998,119.269997,85551400,115.675272,0.04120465822032271,0.04843525654472902,1.2362347389779824,0.022889274036027363,1.2362347389779824,1,0.04743525654472902,0.8752571148446471,0.9202692966950632
2015-10-29,118.699997,120.690002,118.269997,120.529999,51227300,116.897299,0.010564288969210356,0.04354977558653261,1.0811633223426529,0.007530148322759667,1.0811633223426529,1,0.0,0.8752571148446471,0.9299912874748418
2015-10-30,120.989998,121.220001,119.449997,119.5,49365300,115.898343,-0.008545586669201022,0.0035270192992693516,0.04784696823288795,0.017390852602612306,0.04784696823288795,0,0.0,0.8752571148446471,0.9220439663261237
2015-11-02,120.800003,121.360001,119.610001,121.18,32203300,117.527709,0.014058578904790675,0.051179749337979974,1.2284300618741204,-0.0007747875013882632,1.2284300618741204,1,0.0,0.8752571148446471,0.9350065941804057
2015-11-03,120.790001,123.489998,120.699997,122.57,45519000,118.875815,0.011470537556381721,0.07001306491621917,1.6490232603731614,-0.043241882295402156,1.6490232603731614,1,0.0,0.8752571148446471,0.9457316224344166
2015-11-04,123.129997,123.82,121.620003,122.0,44886100,118.322995,-0.004650399242268066,0.022889274036027363,0.4567481743071715,-0.04420474650764217,0.4567481743071715,0,0.021889274036027362,0.8944158576834643,0.9413335928140586
2015-11-05,121.849998,122.690002,120.18,120.919998,39552700,117.777553,-0.004609771752312475,0.007530148322759667,0.07087105817038633,-0.04300361037387146,0.07087105817038633,0,0.0,0.8944158576834643,0.9369942598084016
2015-11-06,121.110001,121.809998,120.620003,121.059998,33042300,117.913914,0.0011577842850920561,0.017390852602612306,0.3100246704817943,-0.072030405164907,0.3100246704817943,0,0.0,0.8944158576834643,0.9380790970376292
2015-11-09,120.959999,121.809998,120.050003,120.57,33871400,117.43665,-0.004047563038234836,-0.0007747875013882632,-0.14191972455617993,-0.0529982505461456,-0.14191972455617993,0,0.0,0.8944158576834643,0.934282162757519
2015-11-10,116.900002,118.07,116.059998,116.769997,59127900,113.735401,-0.0315169838376691,-0.043241882295402156,-1.1836096030589964,-0.026376589642480686,-1.1836096030589964,-1,0.0,0.8944158576834643,0.9048364069340677
2015-11-11,116.370003,117.419998,115.209999,116.110001,45218000,113.092557,-0.005652101230996687,-0.04420474650764217,-1.1673279688080886,0.010162773134575032,-1.1673279688080886,-1,0.0,0.8944158576834643,0.899722179964585
2015-11-12,116.260002,116.82,115.650002,115.720001,32525600,112.712693,-0.0033588771009925855,-0.04300361037387146,-1.109292065886319,0.026443108763269496,-1.109292065886319,-1,0.0,0.8944158576834643,0.8967001237370469
2015-11-13,115.199997,115.57,112.269997,112.339996,45812400,109.420527,-0.02920847610304189,-0.072030405164907,-1.7510219660401607,0.06195483777920385,-1.7510219660401607,-1,0.0,0.8944158576834643,0.8705088796012787
2015-11-16,111.379997,114.239998,111.0,114.18,38106700,111.212713,0.016378882912892356,-0.0529982505461456,-1.346664486699087,0.03126641645726247,-1.346664486699087,-1,0.0,0.8944158576834643,0.8847668426149011
2015-11-17,114.919998,115.050003,113.32,113.690002,27616900,110.735449,-0.004291451823497883,-0.026376589642480686,-0.7966964667116985,0.04565040414474675,-0.7966964667116985,0,0.025376589642480685,0.917113081873625,0.8809699083347909
2015-11-18,115.760002,117.489998,115.5,117.290001,46674700,114.241891,0.03166503618908867,0.010162773134575032,0.11936163851772373,0.006309130509753347,0.11936163851772373,0,0.0,0.917113081873625,0.9088658523637102
2015-11-19,117.639999,119.75,116.760002,118.779999,43295800,115.693167,0.01270353621860143,0.026443108763269496,0.5582818133284302,-0.008166368200466012,0.5582818133284302,0,0.0,0.917113081873625,0.9204116626370626
2015-11-20,119.199997,119.919998,118.849998,119.300003,34287100,116.199658,0.004377881711890463,0.06195483777920385,1.5276954764747859,-0.00838222776869102,1.5276954764747859,1,0.0,0.917113081873625,0.9244411160223321
2015-11-23,119.269997,119.730003,117.339996,117.75,32482500,114.689936,-0.01299248230145389,0.03126641645726247,0.6913466559815574,-0.0034819794476126376,0.6913466559815574,0,0.0,0.917113081873625,0.9124303311836757
2015-11-24,117.330002,119.349998,117.120003,118.879997,42803200,115.790567,0.009596578726837945,0.04565040414474675,1.1852170461509106,-0.021870779853768174,1.1852170461509106,1,0.0,0.917113081873625,0.9211865406896347
2015-11-25,119.209999,119.230003,117.919998,118.029999,21388300,114.962658,-0.007150055669042477,0.006309130509753347,0.003854532106218714,-0.023976968243027197,0.003854532106218714,0,0.0,0.917113081873625,0.9146000056421312
2015-11-27,118.290001,118.410004,117.599998,117.809998,13046400,114.748374,-0.0018639443774864928,-0.008166368200466012,-0.42431011474002933,0.010355676151019066,-0.42431011474002933,0,0.0,0.917113081873625,0.9128952421039654
2015-11-30,117.989998,119.410004,117.75,118.300003,39180300,115.225646,0.004159292052364982,-0.00838222776869102,-0.440343172574198,-0.00016910297903649507,-0.440343172574198,0,-0.00938222776869102,0.9085085180498405,0.9166922400290902
2015-12-01,118.75,118.809998,116.860001,117.339996,34852400,114.290588,-0.008115016339331205,-0.0034819794476126376,-0.3096609901001672,0.007584850294059198,-0.3096609901001672,0,0.0,0.9085085180498405,0.9092532675231161
2015-12-02,117.339996,118.110001,116.080002,116.279999,33386600,113.258137,-0.009033561013790492,-0.021870779853768174,-0.870759137565046,-0.005675918896670629,-0.870759137565046,0,0.0,0.9085085180498405,0.9010394726539577
2015-12-03,116.550003,116.790001,114.220001,115.199997,41569500,112.206202,-0.009287941933920352,-0.023976968243027197,-0.9077062214025695,0.008420149538614474,-0.9077062214025695,0,0.0,0.9085085180498405,0.8926706703517775
2015-12-04,115.290001,119.25,115.110001,119.029999,57777000,115.936671,0.03324654906330404,0.010355676151019066,0.15094670739178123,-0.04914726247401047,0.15094670739178123,0,0.0,0.9085085180498405,0.9223488895910004
2015-12-07,118.980003,119.860001,117.809998,118.279999,32084200,115.206161,-0.006300939932974314,-0.00016910297903649507,-0.1579237138685765,-0.04903614486381502,-0.1579237138685765,0,0.0,0.9085085180498405,0.916537224640442
2015-12-08,117.519997,118.599998,116.860001,118.230003,34309500,115.157465,-0.0004226857277189744,0.007584850294059198,0.11093641098088791,-0.06546566477474991,0.11093641098088791,0,0.0,0.9085085180498405,0.9161498174366632
2015-12-09,117.639999,117.690002,115.080002,115.620003,46361400,112.615293,-0.022075616200825654,-0.005675918896670629,-0.2919784129588312,-0.037017876426428176,-0.2919784129588312,0,0.0,0.9085085180498405,0.895925245684475
2015-12-10,116.040001,116.940002,115.510002,116.169998,29104200,113.150995,0.004756920536538534,0.008420149538614474,0.1913413582256887,-0.061892014294704145,0.1913413582256887,0,0.0,0.9085085180498405,0.9001870908848748
2015-12-11,115.190002,115.389999,112.849998,113.18,46886200,110.238701,-0.025738120994870495,-0.04914726247401047,-1.6338646450693233,-0.06317372154085887,-1.6338646450693233,-1,0.0,0.9085085180498405,0.8770179666216594
2015-12-14,112.18,112.68,109.790001,112.480003,64318700,109.556895,-0.006184815258300391,-0.04903614486381502,-1.5738087147970812,-0.045785927029056483,-1.5738087147970812,-1,0.0,0.9085085180498405,0.8715937725198942
2015-12-15,111.940002,112.800003,110.349998,110.489998,53323100,107.618605,-0.017692085924852052,-0.06546566477474991,-1.9866362013601537,-0.02950487975568905,-1.9866362013601537,-1,0.0,0.9085085180498405,0.8561734606049063
2015-12-16,111.07,111.989998,108.800003,111.339996,56238500,108.446514,0.007692991374493197,-0.037017876426428176,-1.1081183082313764,-0.024519451127769765,-1.1081183082313764,-1,0.0,0.9085085180498405,0.8627599956524098
2015-12-17,112.019997,112.25,108.980003,108.980003,44772800,106.147852,-0.021196273768652407,-0.061892014294704145,-1.7913750458434665,-0.008717237160861258,-1.7913750458434665,-1,0.0,0.9085085180498405,0.84447269858792
2015-12-18,108.910004,109.519997,105.809998,106.029999,96453300,103.274512,-0.027069224161031524,-0.06317372154085887,-1.74711836233989,0.007450725112116752,-1.74711836233989,-1,0.06217372154085887,0.9649938736685696,0.8216134778119724
2015-12-21,107.279999,107.370003,105.57,107.330002,47590600,104.540731,0.012260711529675339,-0.045785927029056483,-1.2066731668116126,0.01313701355311947,-1.2066731668116126,-1,0.0,0.9649938736685696,0.8316870436523183
2015-12-22,107.400002,107.720001,106.449997,107.230003,32789400,104.443331,-0.0009316942694803654,-0.02950487975568905,-0.7405367058053454,0.0008392876707465913,-0.7405367058053454,0,0.0,0.9649938736685696,0.8309121655997463
2015-12-23,107.269997,108.849998,107.199997,108.610001,32657400,105.787465,0.012869505282247173,-0.024519451127769765,-0.6089480937759435,-0.03084428764787972,-0.6089480937759435,0,0.0,0.9649938736685696,0.8416055941040157
2015-12-24,109.0,109.0,107.949997,108.029999,13570400,105.222536,-0.0053402262735002815,-0.008717237160861258,-0.1724474078247446,-0.024807927077522662,-0.1724474078247446,0,0.0,0.9649938736685696,0.8371112297984566
2015-12-28,107.589996,107.690002,106.18,106.82,26704200,104.043982,-0.011200585395508833,0.007450725112116752,0.26897882901567766,-0.03847593991548692,0.26897882901567766,0,-0.008450725112116753,0.9568389757073198,0.8277350939835596
2015-12-29,106.959999,109.43,106.860001,108.739998,30931200,105.914084,0.01797414866339886,0.01313701355311947,0.41300440923249965,-0.07393784380932755,0.41300440923249965,0,0.0,0.9568389757073198,0.8426129276167326
2015-12-30,108.580002,108.699997,107.18,107.32,25213800,104.530989,-0.013058650443504738,0.0008392876707465913,0.044878815836448295,-0.10128590670848825,0.044878815836448295,0,0.0,0.9568389757073198,0.8316095399358074
2015-12-31,107.010002,107.029999,104.82,105.260002,40635300,102.524526,-0.019194910707292845,-0.03084428764787972,-0.8576117831461665,-0.07885239089035134,-0.8576117831461665,0,0.0,0.9568389757073198,0.8156468690734068
2016-01-04,102.610001,105.370003,102.0,105.349998,67649400,102.612183,0.0008549856646009601,-0.024807927077522662,-0.6643137730669324,-0.06473659175538637,-0.6643137730669324,0,0.0,0.9568389757073198,0.8163442354538412
2016-01-05,105.75,105.849998,102.410004,102.709999,55791000,100.040792,-0.025059314837888258,-0.03847593991548692,-1.034968369772644,-0.026774418179336235,-1.034968369772644,-1,0.0,0.9568389757073198,0.7958872082415082
2016-01-06,100.559998,102.370003,99.870003,100.699997,68457400,98.083025,-0.01956968713322449,-0.07393784380932755,-1.9538710872525669,-0.0328698875264094,-1.9538710872525669,-1,0.0,0.9568389757073198,0.7803119445828863
2016-01-07,98.68,100.129997,96.43,96.449997,81094400,93.943473,-0.04220457107639175,-0.10128590670848825,-2.5207835082859695,0.03182996012932171,-2.5207835082859695,-1,0.0,0.9568389757073198,0.7473792136559805
2016-01-08,98.550003,99.110001,96.760002,96.959999,70798000,94.440222,0.005287743620038476,-0.07885239089035134,-1.836246044809105,0.001753278385982604,-1.836246044809105,-1,0.0,0.9568389757073198,0.7513311633247393
2016-01-11,98.970001,99.059998,97.339996,98.529999,49739400,95.96942,0.016192232161419406,-0.06473659175538637,-1.422758086643115,-0.01897894141696388,-1.422758086643115,-1,0.0,0.9568389757073198,0.7634968919514028
2016-01-12,100.550003,100.690002,98.839996,99.959999,49154200,97.362258,0.014513352274089009,-0.026774418179336235,-0.4460300940785172,-0.031712668372995134,-0.4460300940785172,0,0.025774418179336234,0.981500943597488,0.7745777913044656
2016-01-13,100.32,101.190002,97.300003,97.389999,62439600,94.859047,-0.02571028087701077,-0.0328698875264094,-0.5887524005252351,-0.011192079549354972,-0.5887524005252351,0,0.0,0.981500943597488,0.7546631787289332
2016-01-14,97.959999,100.480003,95.739998,99.519997,63170100,96.93369,0.021870797415875387,0.03182996012932171,1.0224766094999855,0.019091659463288835,1.0224766094999855,1,0.0,0.981500943597488,0.7711682642281342
2016-01-15,96.199997,97.709999,95.360001,97.129997,79010000,94.605802,-0.02401526239226015,0.001753278385982604,0.27737891141170806,0.023782611134145926,0.27737891141170806,0,0.0,0.981500943597488,0.7526484560141118
2016-01-19,98.410004,98.650002,95.5,96.660004,53087700,94.148022,-0.004838815276889674,-0.01897894141696388,-0.22368408489770397,0.03445059100657466,-0.22368408489770397,0,0.0,0.981500943597488,0.7490065291670233
2016-01-20,95.099998,98.190002,93.419998,96.790001,72334400,94.274641,0.001344892832692901,-0.031712668372995134,-0.5232001427949017,-0.03481766639662953,-0.5232001427949017,0,0.0,0.981500943597488,0.7500138626797401
2016-01-21,97.059998,97.879997,94.940002,96.300003,52161500,93.797377,-0.005062485467327349,-0.011192079549354972,0.037792126058789725,-0.02294918119085576,0.037792126058789725,0,0.0,0.981500943597488,0.7462169283996299
2016-01-22,98.629997,101.459999,98.370003,101.419998,65800500,98.784315,0.05316713707250065,0.019091659463288835,0.8538260862311838,-0.040228765062550687,0.8538260862311838,0,0.018091659463288834,0.9992579244319505,0.7858911461176735
2016-01-25,101.519997,101.529999,99.209999,99.440002,51794500,96.855775,-0.019522734960504717,0.023782611134145926,0.9662329956348127,-0.030269532198776927,0.9662329956348127,0,0.0,0.9992579244319505,0.7705484015642109
2016-01-26,99.93,100.879997,98.07,99.989998,75077000,97.391477,0.005530924717705332,0.03445059100657466,1.2677539605606576,-0.05510544829297537,1.2677539605606576,1,0.0,0.9992579244319505,0.7748102467646107
2016-01-27,96.040001,96.629997,93.339996,93.419998,133369700,90.992218,-0.06570656074966397,-0.03481766639662953,-0.5663823851084567,0.03136373706155848,-0.5663823851084567,0,0.0,0.9992579244319505,0.7239001302161098
2016-01-28,93.790001,94.519997,92.389999,94.089996,55678800,91.644804,0.007171888039920082,-0.02294918119085576,-0.23051202955943462,0.032247578378802766,-0.23051202955943462,0,0.0,0.9992579244319505,0.7290918609021033
2016-01-29,94.790001,97.339996,94.349998,97.339996,64416500,94.810344,0.03454140182350107,-0.040228765062550687,-0.6780540025851887,-0.028866111908633085,-0.6780540025851887,0,0.0,0.9992579244319505,0.754275715835767
2016-02-01,96.470001,96.709999,95.400002,96.43,40943500,93.923996,-0.00934864238020272,-0.030269532198776927,-0.3706162229008302,-0.00937937095436192,-0.3706162229008302,0,0.0,0.9992579244319505,0.747224261912347
2016-02-02,95.419998,96.040001,94.279999,94.480003,37357200,92.024676,-0.020221882382431833,-0.05510544829297537,-1.0683397914072323,0.010853415012295198,-1.0683397914072323,-1,-0.05610544829297537,0.9431941106213878,0.7321139807746561
2016-02-03,95.0,96.839996,94.080002,96.349998,45964300,93.846074,0.019792495656273834,0.03136373706155848,1.4600682270664243,-0.01627890155532763,1.4600682270664243,1,0.0,0.9431941106213878,0.7466043435590358
2016-02-04,95.860001,97.330002,95.190002,96.599998,46471700,94.600127,0.00803499781994077,0.032247578378802766,1.4650805870524097,-0.0300207207967067,1.4650805870524097,1,0.0,0.9431941106213878,0.752603307831891
2016-02-05,96.519997,96.919998,93.690002,94.019997,46418100,92.073538,-0.02670809310858535,-0.028866111908633085,-0.29059627111334074,-0.00031907104514650175,-0.29059627111334074,0,0.0,0.9431941106213878,0.7325027086124876
2016-02-08,93.129997,95.699997,93.040001,95.010002,54021400,93.043048,0.010529735481653812,-0.00937937095436192,0.25886436708474275,0.01715605877399895,0.25886436708474275,0,0.0,0.9431941106213878,0.740215768373772
2016-02-09,94.290001,95.940002,93.93,94.989998,44331200,93.023458,-0.00021054770260742206,0.010853415012295198,0.8201061267541127,0.032950892881234095,0.8201061267541127,0,-0.011853415012295199,0.9320140393910399,0.7400599176443071
2016-02-10,95.919998,96.349998,94.099998,94.269997,42343600,92.318363,-0.007579754775402958,-0.01627890155532763,0.018533946553912897,0.02110963557705192,0.018533946553912897,0,0.0,0.9320140393910399,0.7344504449494583
2016-02-11,93.790001,94.720001,92.589996,93.699997,50074700,91.760163,-0.006046467700039249,-0.0300207207967067,-0.4120242772016785,0.024973364530749498,-0.4120242772016785,0,0.0,0.9320140393910399,0.730009614056792
2016-02-12,94.190002,94.5,93.010002,93.989998,40351400,92.04416,0.003094992322539847,-0.00031907104514650175,0.4520229377826458,0.03074794750693588,0.4520229377826458,0,0.0,0.9320140393910399,0.732268988207678
2016-02-16,95.019997,96.849998,94.610001,96.639999,49057900,94.6393,0.028194510113406457,0.01715605877399895,0.9496678875973722,-0.02017794932971817,0.9496678875973722,0,0.0,0.9320140393910399,0.7529149536014333
2016-02-17,96.669998,98.209999,96.150002,98.120003,44863200,96.088664,0.0153146103151649,0.032950892881234095,1.3933165718801177,-0.0205870798661536,1.3933165718801177,1,0.0,0.9320140393910399,0.7644455527162998
2016-02-18,98.839996,98.889999,96.089996,96.260002,39021000,94.26717,-0.01895638802928934,0.02110963557705192,1.049405267712108,0.005194257979739936,1.049405267712108,1,0.0,0.9320140393910399,0.749954426191745
2016-02-19,96.0,96.760002,95.800003,96.040001,35374200,94.051723,-0.002285493454401988,0.024973364530749498,1.2217832186490634,0.009058760146265499,1.2217832186490634,1,0.0,0.9320140393910399,0.748240410259584
2016-02-22,96.309998,96.900002,95.919998,96.879997,34280800,94.874329,0.008746315046243236,0.03074794750693588,1.3993638410900473,-0.001961131129580962,1.3993638410900473,1,0.0,0.9320140393910399,0.7547847566180446
2016-02-23,96.400002,96.5,94.550003,94.690002,31942600,92.729673,-0.022605229703390073,-0.02017794932971817,-0.1306175705319912,0.06167489666441517,-0.1306175705319912,0,0.0,0.9320140393910399,0.7377226738180763
2016-02-24,93.980003,96.379997,93.32,96.099998,36255700,94.110479,0.014890659648934435,-0.0205870798661536,-0.1299217502028959,0.04838710894245901,-0.1299217502028959,0,-0.021587079866153602,0.9118945778863291,0.7487078510692031
2016-02-25,96.050003,96.760002,95.25,96.760002,27582700,94.756818,0.006867874936647533,0.005194257979739936,0.6781170859457865,0.048987166284963246,0.6781170859457865,0,0.0,0.9118945778863291,0.7538498829544326
2016-02-26,97.199997,98.019997,96.580002,96.910004,28991100,94.903715,0.0015502525633566133,0.009058760146265499,0.7872272934248145,0.06294497533631849,0.7872272934248145,0,0.0,0.9118945778863291,0.7550185406678688
2016-02-29,96.860001,98.230003,96.650002,96.690002,35216300,94.688268,-0.0022701640288792513,-0.001961131129580962,0.43975546321804465,0.05357327900432174,0.43975546321804465,0,0.0,0.9118945778863291,0.7533045247357076
2016-03-01,97.650002,100.769997,97.419998,100.529999,50407100,98.448766,0.0397145082429855,0.06167489666441517,2.2865358593628415,0.004973642838753234,2.2865358593628415,1,0.0,0.9118945778863291,0.7832216434928022
2016-03-02,100.510002,100.889999,99.639999,100.75,33169600,98.664213,0.0021884174759487784,0.04838710894245901,1.8005613749607796,0.0036724865985602317,1.8005613749607796,1,0.0,0.9118945778863291,0.7849356594249631
2016-03-03,100.580002,101.709999,100.449997,101.5,36955700,99.398686,0.007444168231494297,0.048987166284963246,1.7579636884795633,-0.0032512502227645124,1.7579636884795633,1,0.0,0.9118945778863291,0.7907788525246214
2016-03-04,102.370003,103.75,101.370003,103.010002,46055100,100.877427,0.014876866682120848,0.06294497533631849,2.049562317420473,-0.007280845892312371,2.049562317420473,1,0.0,0.9118945778863291,0.8025431640886708
2016-03-07,102.389999,102.830002,100.959999,101.870003,35828900,99.761029,-0.011066876239815282,0.05357327900432174,1.72896951863351,0.006380617826225565,1.72896951863351,1,0.0,0.9118945778863291,0.7936615182145916
2016-03-08,100.779999,101.760002,100.400002,101.029999,31561900,98.938415,-0.008245845178681876,0.004973642838753234,0.4201443005616484,0.035138110914754384,0.4201443005616484,0,0.003973642838753234,0.9155181212454451,0.7871171082111165
2016-03-09,101.309998,101.580002,100.269997,101.120003,27201700,99.026556,0.0008908673137728584,0.0036724865985602317,0.3877887990242614,0.04796280100865058,0.3877887990242614,0,0.0,0.9155181212454451,0.7878183251149332
2016-03-10,101.410004,102.239998,100.150002,101.169998,33513600,99.075516,0.0004944128320487629,-0.0032512502227645124,0.18327498192384206,0.045764606464426594,0.18327498192384206,0,0.0,0.9155181212454451,0.7882078326041932
2016-03-11,102.239998,102.279999,101.5,102.260002,27408200,100.142954,0.010773983755986816,-0.007280845892312371,0.055984877135502306,0.03579108521204599,0.055984877135502306,0,0.0,0.9155181212454451,0.7966999709890124
2016-03-14,101.910004,102.910004,101.779999,102.519997,25076100,100.397566,0.0025424854153992538,0.006380617826225565,0.4041329825584158,0.03306678769483318,0.4041329825584158,0,0.0,0.9155181212454451,0.7987255690457009
2016-03-15,103.959999,105.18,103.849998,104.580002,40067700,102.414924,0.020093694303306098,0.035138110914754384,1.1641403287648484,0.020462798956917716,1.1641403287648484,1,0.0,0.9155181212454451,0.8147749164623395
2016-03-16,104.610001,106.309998,104.589996,105.970001,38303500,103.776147,0.013291256262612627,0.04796280100865058,1.4703564776620546,0.001509817087350429,1.4703564776620546,1,0.0,0.9155181212454451,0.8256042986733892
2016-03-17,105.519997,106.470001,104.959999,105.800003,34420700,103.609668,-0.001604212574976338,0.045764606464426594,1.3679134367359846,-0.0012287849431193987,1.3679134367359846,1,0.0,0.9155181212454451,0.8242798538755028
2016-03-18,106.339996,106.5,105.190002,105.919998,44205200,103.727179,0.0011341702204856752,0.03579108521204599,1.0545618487346125,-0.006891954518497001,1.0545618487346125,1,0.0,0.9155181212454451,0.8252147275391147
2016-03-21,105.93,107.650002,105.139999,105.910004,35502700,103.717391,-9.436292488007592e-05,0.03306678769483318,0.9467323147857548,0.016712269594209017,0.9467323147857548,0,0.0,0.9155181212454451,0.82513685786377
2016-03-22,105.25,107.290001,105.209999,106.720001,32444400,104.51062,0.007647984512066941,0.020462798956917716,0.5748503664341735,0.0266116591787513,0.5748503664341735,0,0.019462798956917715,0.9333366663806603,0.8314474917730477
2016-03-23,106.480003,107.07,105.900002,106.129997,25703500,103.93283,-0.005528529062405418,0.001509817087350429,0.04108392968189956,0.026948087529224507,0.04108392968189956,0,0.0,0.9333366663806603,0.8268508101509163
2016-03-24,105.470001,106.25,104.889999,105.669998,26133000,103.482354,-0.004334299373932149,-0.0012287849431193987,-0.031366100921350955,0.0408819942383607,-0.031366100921350955,0,0.0,0.9333366663806603,0.823266991202144
2016-03-28,106.0,106.190002,105.059998,105.190002,19411400,103.012296,-0.0045423976342864325,-0.006891954518497001,-0.18041021736763221,0.05637418274804773,-0.18041021736763221,0,0.0,0.9333366663806603,0.8195273851689212
2016-03-29,104.889999,107.790001,104.879997,107.68,31190100,105.450744,0.023671426564455977,0.016712269594209017,0.4712987484073278,0.019780808753705914,0.4712987484073278,0,0.0,0.9333366663806603,0.838926767484508
2016-03-30,108.650002,110.419998,108.599998,109.559998,45601100,107.291821,0.017459118164211418,0.0266116591787513,0.7221735513670866,0.012778401813126061,0.7221735513670866,0,0.0,0.9333366663806603,0.85357368904914
2016-03-31,109.720001,109.900002,108.879997,108.989998,25888400,106.733621,-0.0052026332929888675,0.026948087529224507,0.7075317332361063,-0.004128783375577649,0.7075317332361063,0,0.0,0.9333366663806603,0.8491328581564737
2016-04-01,108.779999,110.0,108.199997,109.989998,25874000,107.712919,0.00917515953103476,0.0408819942383607,1.0614027126160193,-0.012091957140257237,1.0614027126160193,1,0.0,0.9333366663806603,0.8569237875931028
2016-04-04,110.419998,112.190002,110.269997,111.120003,37356200,108.81953,0.01027370727925403,0.05637418274804773,1.4672700293495915,-0.018898546979572606,1.4672700293495915,1,0.0,0.9333366663806603,0.8657275717474641
2016-04-05,109.510002,110.730003,109.419998,109.809998,26578700,107.536645,-0.011789106238558555,0.019780808753705914,0.3939461232998938,0.005737225668515089,0.3939461232998938,0,0.0,0.9333366663806603,0.8555214174304839
2016-04-06,110.230003,110.980003,109.199997,110.959999,26404100,108.662839,0.010472653298789547,0.012778401813126061,0.13649784669666384,0.009733253886363036,0.13649784669666384,0,0.0,0.9333366663806603,0.8644809966249224
2016-04-07,109.949997,110.419998,108.120003,108.540001,31801900,106.292941,-0.02180964552196185,-0.004128783375577649,-0.4857085141329151,0.03279894193538202,-0.4857085141329151,0,0.0,0.9333366663806603,0.8456269725280605
2016-04-08,108.910004,109.769997,108.169998,108.660004,23581700,106.410459,0.0011056049338216134,-0.012091957140257237,-0.7811603632040478,0.010951545655864425,-0.7811603632040478,0,-0.013091957140257238,0.921117462746974,0.8465619018810602
2016-04-11,108.970001,110.610001,108.830002,109.019997,29407500,106.762999,0.0033130201985125396,-0.018898546979572606,-1.041967186115064,-0.014125783409287718,-1.041967186115064,-1,0.0,0.921117462746974,0.8493665785612833
2016-04-12,109.339996,110.5,108.660004,110.440002,27232300,108.153607,0.013025186750327267,0.005737225668515089,-0.14409408606361968,-0.03196303938342049,-0.14409408606361968,0,0.0,0.921117462746974,0.8604297368665305
2016-04-13,110.800003,112.339996,110.800003,112.040001,33257300,109.720482,0.014487496473418737,0.009733253886363036,-0.004936734367911028,-0.04382366821902961,-0.004936734367911028,0,0.0,0.921117462746974,0.8728952096450089
2016-04-14,111.620003,112.389999,111.330002,112.099998,25473900,109.779237,0.0005354971007145437,0.03279894193538202,0.798554735468311,-0.054683291340419826,0.798554735468311,0,0.0,0.921117462746974,0.8733626424990014
2016-04-15,112.110001,112.300003,109.730003,109.849998,46939000,107.575818,-0.020071363767995565,0.010951545655864425,-0.018204179265149698,-0.03796084543833078,-0.018204179265149698,0,0.0,0.921117462746974,0.8558330632000261
2016-04-18,108.889999,108.949997,106.940002,107.480003,60834000,105.254888,-0.021574830135151823,-0.014125783409287718,-0.9414374415612576,-0.022329746814228613,-0.9414374415612576,0,0.013125783409287717,0.9332078510575035,0.8373686102374388
2016-04-19,107.879997,108.0,106.230003,106.910004,32384900,104.696689,-0.005303307149022718,-0.03196303938342049,-1.53685716316748,-0.02394542772981101,-1.53685716316748,-1,0.0,0.9332078510575035,0.8329277873003994
2016-04-20,106.639999,108.089996,106.059998,107.129997,30611000,104.912128,0.0020577441565510224,-0.04382366821902961,-1.8697380435929976,-0.0869037467241156,-1.8697380435929976,-1,0.0,0.9332078510575035,0.8346417395875457
2016-04-21,106.93,106.93,105.519997,105.970001,31552500,103.776147,-0.010827928302054812,-0.054683291340419826,-2.1257707849891045,-0.105124089835403,-2.1257707849891045,-1,0.0,0.9332078510575035,0.8256042986733895
2016-04-22,105.010002,106.480003,104.620003,105.68,33683100,103.492149,-0.002736640434337967,-0.03796084543833078,-1.5520553374743384,-0.11298260895133216,-1.5520553374743384,-1,0.0,0.9332078510575035,0.8233449165668766
2016-04-25,105.0,105.650002,104.510002,105.080002,28031600,102.904573,-0.005677493468610795,-0.022329746814228613,-1.0235479926831481,-0.10886945714258978,-1.0235479926831481,-1,0.0,0.9332078510575035,0.8186703811806543
2016-04-26,103.910004,105.300003,103.910004,104.349998,56016200,102.189682,-0.006947125663696152,-0.02394542772981101,-1.1015430505918167,-0.08787731622454809,-1.1015430505918167,-1,0.022945427729811008,0.9546207043608358,0.8129829751654463
2016-04-27,96.0,98.709999,95.68,97.82,114602100,95.794871,-0.06257785399508342,-0.0869037467241156,-3.011523915699117,-0.037108949183719764,-3.011523915699117,-1,0.0,0.9546207043608358,0.7621082452450544
2016-04-28,97.610001,97.879997,94.25,94.830002,82242700,92.866774,-0.03056632332643361,-0.105124089835403,-3.3257625518566396,-0.010780486463328742,-3.3257625518566396,-1,0.0,0.9546207043608358,0.7388133982111531
2016-04-29,93.989998,94.720001,92.510002,93.739998,68531500,91.799336,-0.011494293965676139,-0.11298260895133216,-3.1842126203325907,-0.004858891354072581,-3.1842126203325907,-1,0.0,0.9546207043608358,0.730321259826334
2016-05-02,93.970001,94.080002,92.400002,93.639999,48160100,91.701408,-0.001066761528645488,-0.10886945714258978,-2.8103394711855034,-0.003044086302360749,-2.8103394711855034,-1,0.0,0.9546207043608358,0.7295421812027993
2016-05-03,94.199997,95.739998,93.68,95.18,56831300,93.209527,0.016445974308267886,-0.08787731622454809,-2.1694351345514407,-0.01251540521174399,-2.1694351345514407,-1,0.08687731622454808,1.037555589168093,0.7415402131716583
2016-05-04,95.199997,95.900002,93.82,94.190002,41025500,92.240024,-0.010401329469250431,-0.037108949183719764,-0.9078417498252832,-0.011856404113685048,-0.9078417498252832,0,0.0,1.037555589168093,0.7338272090997617
2016-05-05,94.0,94.07,92.68,93.239998,35890500,91.865625,-0.0040589646854386485,-0.010780486463328742,-0.25807725514901986,-0.031102547879035214,-0.25807725514901986,0,0.0,1.037555589168093,0.7308486303728118
2016-05-06,93.370003,93.449997,91.849998,92.720001,43458200,91.353293,-0.005576971799843511,-0.004858891354072581,-0.11868667786957923,-0.02372739863903972,-0.11868667786957923,0,0.0,1.037555589168093,0.7267727081712684
2016-05-09,93.0,93.769997,92.589996,92.790001,32936400,91.422261,0.0007549591014743839,-0.003044086302360749,-0.0858013070425952,0.011746909212844603,-0.0858013070425952,0,0.0,1.037555589168093,0.7273213918420055
2016-05-10,93.330002,93.57,92.110001,93.419998,33686800,92.042972,0.006789495175578697,-0.01251540521174399,-0.31248709255915996,0.000749291320145451,-0.31248709255915996,0,0.01151540521174399,1.0495034622070731,0.7322595369230119
2016-05-11,93.480003,93.57,92.459999,92.510002,28719100,91.146389,-0.009740917535778881,-0.011856404113685048,-0.28475390564330333,0.022159714961390353,-0.28475390564330333,0,0.0,1.0495034622070731,0.7251266571590572
2016-05-12,92.720001,92.779999,89.470001,90.339996,76314700,89.00837,-0.023456979738385453,-0.031102547879035214,-0.7306695860289568,0.04272747607893512,-0.7306695860289568,0,0.0,1.0495034622070731,0.708117375854314
2016-05-13,90.0,91.669998,90.0,90.519997,44392800,89.185717,0.001992475539098093,-0.02372739863903972,-0.5316555516223814,0.05192227136549232,-0.5316555516223814,0,0.0,1.0495034622070731,0.709528282404514
2016-05-16,92.389999,94.389999,91.650002,93.879997,61259800,92.49619,0.03711886960554467,0.011746909212844603,0.3444093269548664,0.027162372850168204,0.3444093269548664,0,0.0,1.0495034622070731,0.7358651702005333
2016-05-17,94.550003,94.699997,93.010002,93.489998,46916900,92.111939,-0.0041542359744762836,0.000749291320145451,0.08681781293827574,0.04717086674290938,0.08681781293827574,0,0.0,1.0495034622070731,0.7328082126381221
2016-05-18,94.160004,95.209999,93.889999,94.559998,42062400,93.166167,0.011445074454463411,0.022159714961390353,0.597826302988393,0.053511056218509045,0.597826302988393,0,0.0,1.0495034622070731,0.7411952571926077
2016-05-19,94.639999,94.639999,93.57,94.199997,30442100,92.811473,-0.0038071116524520665,0.04272747607893512,1.070743451560845,0.0659236385570563,1.070743451560845,1,0.0,1.0495034622070731,0.7383734440922075
2016-05-20,94.639999,95.43,94.519997,95.220001,32026000,93.816442,0.01082806863759167,0.05192227136549232,1.2594905722612597,0.053875215178166735,1.2594905722612597,1,0.0,1.0495034622070731,0.7463686024250129
2016-05-23,95.870003,97.190002,95.669998,96.43,38018600,95.008606,0.012707410072106518,0.027162372850168204,0.652040745610436,0.035569840904728256,0.652040745610436,0,0.0,1.0495034622070731,0.7558530143209726
2016-05-24,97.220001,98.089996,96.839996,97.900002,35140200,96.456939,0.015244229559583378,0.04717086674290938,1.102334532113991,0.005720096508556871,1.102334532113991,1,0.0,1.0495034622070731,0.7673754111845846
2016-05-25,98.669998,99.739998,98.110001,99.620003,38168800,98.151587,0.0175689589320267,0.053511056218509045,1.2622540587790385,-0.019072488354161976,1.2622540587790385,1,0.0,1.0495034622070731,0.7808573982691337
2016-05-26,99.68,100.730003,98.639999,100.410004,56331200,98.929943,0.007930141771421262,0.0659236385570563,1.5376354696334404,-0.024798376766476005,1.5376354696334404,1,0.0649236385570563,1.1176410456517845,0.7870497081406711
2016-05-27,99.440002,100.470001,99.25,100.349998,36229500,98.870823,-0.0005975946028796697,0.053875215178166735,1.2471949922606862,-0.017140031291132285,1.2471949922606862,1,0.0,1.1176410456517845,0.7865793714828883
2016-05-31,99.599998,100.400002,98.82,99.860001,42307200,98.388047,-0.004882896544716742,0.035569840904728256,0.8356455167842981,-0.008311649889747308,0.8356455167842981,0,0.0,1.1176410456517845,0.782738585787729
2016-06-01,99.019997,99.540001,98.330002,98.459999,29173300,97.008682,-0.01401964000769329,0.005720096508556871,0.1417785825476184,0.004875110044274322,0.1417785825476184,0,0.0,1.1176410456517845,0.7717648725948542
2016-06-02,97.599998,97.839996,96.629997,97.720001,40191600,96.279592,-0.007515719056980896,-0.019072488354161976,-0.44984199853338924,0.019750312194924957,-0.44984199853338924,0,0.0,1.1176410456517845,0.7659645046343846
2016-06-03,97.790001,98.269997,97.449997,97.919998,28062900,96.476641,0.002046633101644213,-0.024798376766476005,-0.575565248031146,0.00929333764843654,-0.575565248031146,0,-0.025798376766476006,1.0888077208663816,0.7675321529442538
2016-06-06,97.989998,101.889999,97.550003,98.629997,23292500,97.176174,0.0072508017769814526,-0.017140031291132285,-0.3843221693699846,-0.0130791936714858,-0.3843221693699846,0,0.0,1.0888077208663816,0.7730973764427124
2016-06-07,99.25,99.870003,98.959999,99.029999,22409500,97.57028,0.004055582595791307,-0.008311649889747308,-0.1707067717075099,-0.015853782524760662,-0.1707067717075099,0,0.0,1.0888077208663816,0.7762327367074654
2016-06-08,99.019997,99.559998,98.68,98.940002,20848100,97.48161,-0.0009087808295722422,0.004875110044274322,0.14832892329665437,-0.01819287761045396,0.14832892329665437,0,0.0,1.0888077208663816,0.7755273112770592
2016-06-09,98.5,99.989998,98.459999,99.650002,26601400,98.181144,0.007176061207852413,0.019750312194924957,0.5160121487426622,-0.021073741002651247,0.5160121487426622,0,0.0,1.0888077208663816,0.7810925427311446
2016-06-10,98.529999,99.349998,98.480003,98.830002,31712900,97.373231,-0.008228800022945348,0.00929333764843654,0.28132957172084844,-0.03541435325279496,0.28132957172084844,0,0.0,1.0888077208663816,0.7746650883975961
2016-06-13,98.690002,99.120003,97.099998,97.339996,38020500,95.905188,-0.015076453609719542,-0.0130791936714858,-0.24658081136184776,-0.023012102327561235,-0.24658081136184776,0,0.0,1.0888077208663816,0.7629858861293004
2016-06-14,97.32,98.480003,96.75,97.459999,31931900,96.023422,0.0012328217322299384,-0.015853782524760662,-0.29627762995155066,-0.015903911443605923,-0.29627762995155066,0,0.0,1.0888077208663816,0.7639265117111054
2016-06-15,97.82,98.410004,97.029999,97.139999,29445200,95.708139,-0.00328339683624268,-0.01819287761045396,-0.3355916423969443,-0.0163680854770355,-0.3355916423969443,0,0.0,1.0888077208663816,0.7614182378194312
2016-06-16,96.449997,97.75,96.07,97.550003,31326800,96.1121,0.004220759114331951,-0.021073741002651247,-0.39155293366944427,-0.014864226252469748,-0.39155293366944427,0,0.0,1.0888077208663816,0.7646320007865262
2016-06-17,96.620003,96.650002,95.300003,95.330002,61008200,93.924821,-0.022757582031814994,-0.03541435325279496,-0.7346404655120793,-0.02024545780076592,-0.7346404655120793,0,0.0,1.0888077208663816,0.7472308253044759
2016-06-20,96.0,96.57,95.029999,95.099998,34411900,93.698208,-0.00241270622171319,-0.023012102327561235,-0.4133939060215887,-0.032176623911526536,-0.4133939060215887,0,0.0,1.0888077208663816,0.7454279768432079
2016-06-21,94.940002,96.349998,94.68,95.910004,35546400,94.496274,0.00851740942580248,-0.015903911443605923,-0.2311860129658829,-0.024189419362714792,-0.2311860129658829,0,0.0,1.0888077208663816,0.7517770921194291
2016-06-22,96.25,96.889999,95.349998,95.550003,29219100,94.14158,-0.0037535236574512965,-0.0163680854770355,-0.22957826394370742,-0.01203559574844626,-0.22957826394370742,0,0.0,1.0888077208663816,0.7489552790190289
2016-06-23,95.940002,96.290001,95.25,96.099998,32240200,94.683468,0.00575609629666296,-0.014864226252469748,-0.17544448284317216,-0.005202914620744625,-0.17544448284317216,0,0.0,1.0888077208663816,0.7532663377269565
2016-06-24,92.910004,94.660004,92.650002,93.400002,75311400,92.02327,-0.02809569670599743,-0.02024545780076592,-0.2934097476301417,0.02665950688342189,-0.2934097476301417,0,0.0,1.0888077208663816,0.7321027951633425
2016-06-27,93.0,93.050003,91.5,92.040001,45489600,90.683316,-0.014561034399233952,-0.032176623911526536,-0.5723165336156097,0.03205124303129803,-0.5723165336156097,0,0.0,1.0888077208663816,0.7214426211791938
2016-06-28,92.900002,93.660004,92.139999,93.589996,40444900,92.210464,0.016840451665883105,-0.024189419362714792,-0.34059694571972676,0.02072873204498782,-0.34059694571972676,0,0.0,1.0888077208663816,0.73359204077087
2016-06-29,93.970001,94.550003,93.629997,94.400002,36531000,93.00853,0.008654831191392764,-0.01203559574844626,-0.006126684582594171,0.016313568228634612,-0.006126684582594171,0,0.0,1.0888077208663816,0.7399411560470912
2016-06-30,94.440002,95.769997,94.300003,95.599998,35836400,94.190838,0.012711823313410031,-0.005202914620744625,0.18368650015993174,0.01129709664542955,0.18368650015993174,0,0.0,1.0888077208663816,0.7493471572850822
2016-07-01,95.489998,96.470001,95.330002,95.889999,26026500,94.476565,0.003033490369838354,0.02665950688342189,1.0094851174753485,0.01136723165157405,1.0094851174753485,1,0.0,1.0888077208663816,0.7516202946703722
2016-07-05,95.389999,95.400002,94.459999,94.989998,27705200,93.589829,-0.009385777308901888,0.03205124303129803,1.120055362645709,0.025581647339049995,1.120055362645709,1,0.0,1.0888077208663816,0.7445657539637448
2016-07-06,94.599998,95.660004,94.370003,95.529999,30949100,94.12187,0.005684816455856723,0.02072873204498782,0.8030528234778106,0.014027058748407706,0.8030528234778106,0,0.0,1.0888077208663816,0.7487984736143453
2016-07-07,95.699997,96.5,95.620003,95.940002,25139600,94.525831,0.004291893053123497,0.016313568228634612,0.6820783872512948,0.029706049344332186,0.6820783872512948,0,0.0,1.0888077208663816,0.7520122365814401
2016-07-08,96.489998,96.889999,96.050003,96.68,28912100,95.254921,0.007713129758150528,0.01129709664542955,0.5512618025428817,0.021721124518070845,0.5512618025428817,0,0.0,1.0888077208663816,0.7578126045419098
2016-07-11,96.75,97.650002,96.730003,96.980003,23794900,95.550502,0.003103052282201757,0.01136723165157405,0.5667968155414195,0.029387485583278306,0.5667968155414195,0,0.01036723165157405,1.1000956427326256,0.7601641366739148
2016-07-12,97.169998,97.699997,97.120003,97.419998,24167500,95.984011,0.004536962035008418,0.025581647339049995,0.926965847964948,0.02514888651610958,0.926965847964948,0,0.0,1.1000956427326256,0.7636129725023793
2016-07-13,97.410004,97.669998,96.839996,96.870003,25892200,95.442123,-0.005645606954266635,0.014027058748407706,0.6127204201188198,0.03189837887407432,0.6127204201188198,0,0.0,1.1000956427326256,0.7593019137944516
2016-07-14,97.389999,98.989998,97.32,98.790001,38919000,97.33382,0.019820357516565412,0.029706049344332186,0.9865666789471706,0.006478375142370707,0.9865666789471706,0,0.0,1.1000956427326256,0.77435154918887
2016-07-15,98.919998,99.300003,98.5,98.779999,30137000,97.323965,-0.00010124949375256431,0.021721124518070845,0.7544986440095712,-0.0012147676063136714,0.7544986440095712,0,0.0,1.1000956427326256,0.774273146486528
2016-07-18,98.699997,100.129997,98.599998,99.830002,36493900,98.358491,0.01062971489088027,0.029387485583278306,0.9212884128209969,-0.02494246277121115,0.9212884128209969,0,0.0,1.1000956427326256,0.7825034492813445
2016-07-19,99.559998,100.0,99.339996,99.870003,23779900,98.397902,0.0004006873183932669,0.02514888651610958,0.7844650063048078,-0.032041699425664705,0.7844650063048078,0,0.0,1.1000956427326256,0.7828169884900705
2016-07-20,100.0,100.459999,99.739998,99.959999,26276000,98.486572,0.0009011370994473911,0.03189837887407432,0.9308441626251077,0.02991194576251477,0.9308441626251077,0,0.0,1.1000956427326256,0.7835224139204766
2016-07-21,99.830002,101.0,99.129997,99.43,32702000,97.964385,-0.005302113672917774,0.006478375142370707,0.26196964435214704,0.049381435916736605,0.26196964435214704,0,0.0,1.1000956427326256,0.7793680890165913
2016-07-22,99.260002,99.300003,98.309998,98.660004,28313700,97.205739,-0.007744100062486936,-0.0012147676063136714,0.02722071644923509,0.05625374649947368,0.02722071644923509,0,0.0,1.1000956427326256,0.7733325845497375
2016-07-25,98.25,98.839996,96.919998,97.339996,40382900,95.905188,-0.013379364360369683,-0.02494246277121115,-0.6933462899536874,0.08948024792986176,-0.6933462899536874,0,0.0,1.1000956427326256,0.7629858861293002
2016-07-26,96.82,97.970001,96.419998,96.669998,56239800,95.245066,-0.006883068724081953,-0.032041699425664705,-1.0251400549648761,0.0807903687105429,-1.0251400549648761,-1,0.0,1.1000956427326256,0.7577342018395676
2016-07-27,104.269997,104.349998,102.75,102.949997,92344800,101.432497,0.06496327064333185,0.02991194576251477,0.9524190929870782,0.027586237968685756,0.9524190929870782,0,0.0,1.1000956427326256,0.8069590938693805
2016-07-28,102.830002,104.449997,102.82,104.339996,39869800,102.802007,0.013501688714219418,0.049381435916736605,1.670234914482241,0.02016030679245384,1.670234914482241,1,0.0,1.1000956427326256,0.8178544043599134
2016-07-29,104.190002,104.550003,103.68,104.209999,27733700,102.673926,-0.0012458998003804789,0.05625374649947368,1.8550848863275222,0.036966181657454245,1.8550848863275222,1,0.0,1.1000956427326256,0.8168354397207811
2016-08-01,104.410004,106.150002,104.410004,106.050003,38167900,104.486808,0.017656693092655384,0.08948024792986176,2.8278715264983614,0.02741218776632559,2.8278715264983614,1,0.0,1.1000956427326256,0.8312580523871351
2016-08-02,106.050003,106.07,104.0,104.480003,33816600,102.93995,-0.014804337787790445,0.0807903687105429,2.3581304552343774,0.04708500441276686,2.3581304552343774,1,-0.0817903687105429,1.0101184144966624,0.8189518273907752
2016-08-03,104.809998,105.839996,104.769997,105.790001,30202600,104.230638,0.012538261384428484,0.027586237968685756,0.5752109655277926,0.02642081112465222,0.5752109655277926,0,0.0,1.0101184144966624,0.8292200594638561
2016-08-04,105.580002,106.0,105.279999,105.870003,27408700,104.874527,0.006177540619102917,0.02016030679245384,0.31237951411825887,0.01945780408621056,0.31237951411825887,0,0.0,1.0101184144966624,0.834342600063369
2016-08-05,106.269997,107.650002,106.18,107.480003,40553400,106.469389,0.015207334379682136,0.036966181657454245,0.84337883982329,0.006512810926340373,0.84337883982329,0,0.0,1.0101184144966624,0.8470307269697461
2016-08-08,107.519997,108.370003,107.160004,108.370003,28037200,107.35102,0.008280605423592657,0.02741218776632559,0.5012077526322711,0.010242697274790658,0.5012077526322711,0,0.0,1.0101184144966624,0.8540446542014415
2016-08-09,108.230003,108.940002,108.010002,108.809998,26315200,107.786878,0.004060119782746341,0.04708500441276686,1.1275403377158528,0.005238485523256342,1.1275403377158528,1,0.04608500441276686,1.056669726086158,0.8575121777973135
2016-08-10,108.709999,108.900002,107.760002,108.0,24008500,106.984496,-0.00744415289586553,0.02642081112465222,0.4198945295145283,0.011296309700800089,0.4198945295145283,0,0.0,1.056669726086158,0.8511287260357236
2016-08-11,108.519997,108.93,107.849998,107.93,27484500,106.915155,-0.0006481406427337744,0.01945780408621056,0.17451837310026322,0.010655065692043442,0.17451837310026322,0,0.0,1.056669726086158,0.8505770749161817
2016-08-12,107.779999,108.440002,107.779999,108.18,18660400,107.162804,0.0023163133421075788,0.006512810926340373,-0.2543981525705302,0.010907749297041525,-0.2543981525705302,0,0.0,1.056669726086158,0.8525472779433009
2016-08-15,108.139999,109.540001,108.080002,109.480003,25868200,108.450584,0.012017042779134623,0.010242697274790658,-0.11085250516264575,-0.008860081380474671,-0.11085250516264575,0,0.0,1.056669726086158,0.8627923750535803
2016-08-16,109.629997,110.230003,109.209999,109.379997,33794400,108.351518,-0.0009134667269289354,0.005238485523256342,-0.25862784367394737,-0.004845488182269819,-0.25862784367394737,0,0.004238485523256342,1.0611484054230376,0.8620042429267208
2016-08-17,109.099998,109.370003,108.339996,109.220001,25356000,108.193026,-0.001462757540692694,0.011296309700800089,-0.040055076516411756,-0.01089546196813096,-0.040055076516411756,0,0.0,1.0611484054230376,0.8607433397202707
2016-08-18,109.230003,109.599998,109.019997,109.080002,21984700,108.054343,-0.0012818108997154631,0.010655065692043442,-0.04170981151891958,-0.013843071536698948,-0.04170981151891958,0,0.0,1.0611484054230376,0.8596400295255598
2016-08-19,108.769997,109.690002,108.360001,109.360001,25368100,108.331709,0.002566912095333329,0.010907749297041525,-0.0080678545582525,-0.022128728717830892,-0.0080678545582525,0,0.0,1.0611484054230376,0.8618466499149817
2016-08-22,108.860001,109.099998,107.849998,108.510002,25820200,107.489703,-0.007772479616286687,-0.008860081380474671,-0.6909894135948704,-0.015574626715640028,-0.6909894135948704,0,0.0,1.0611484054230376,0.8551479643961526
2016-08-23,108.589996,109.32,108.529999,108.849998,21257700,107.826502,0.0031333140812566107,-0.004845488182269819,-0.5176353298399825,-0.026182802443132203,-0.5176353298399825,0,0.0,1.0611484054230376,0.857827411554553
2016-08-24,108.57,108.75,107.68,108.029999,23675100,107.014213,-0.007533296406109891,-0.01089546196813096,-0.7192542758202876,-0.017865411952335708,-0.7192542758202876,0,0.0,1.0611484054230376,0.8513651433980265
2016-08-25,107.389999,107.879997,106.68,107.57,25086200,106.558539,-0.004258069907031925,-0.013843071536698948,-0.8137169881507963,-0.007808834541171761,-0.8137169881507963,0,0.0,1.0611484054230376,0.8477399711010274
2016-08-26,107.410004,107.949997,106.309998,106.940002,27766300,105.934466,-0.005856621213622293,-0.022128728717830892,-1.1208820434056277,0.007387321893896237,-1.1208820434056277,-1,0.0,1.0611484054230376,0.8427750792026416
2016-08-29,106.620003,107.440002,106.290001,106.82,24970300,105.815591,-0.0011221560318244173,-0.015574626715640028,-0.8863093642594436,0.008238133830391847,-0.8863093642594436,0,0.0,1.0611484054230376,0.841829354064043
2016-08-30,105.800003,106.5,105.5,106.0,24863900,105.003302,-0.007676458566488464,-0.026182802443132203,-1.2727951937904818,0.02226415698812967,-1.2727951937904818,-1,0.0,1.0611484054230376,0.8353670859075166
2016-08-31,105.660004,106.57,105.639999,106.099998,29662400,105.10236,0.0009433798567590745,-0.017865411952335708,-0.9504515706178274,-0.005466556602534922,-0.9504515706178274,0,0.0,1.0611484054230376,0.8361551543893613
2016-09-01,106.139999,106.800003,105.620003,106.730003,26701500,105.726441,0.005937840025666219,-0.007808834541171761,-0.5657107416268875,-0.03373002974724171,-0.5657107416268875,0,0.0,1.0611484054230376,0.8411201099327615
2016-09-02,107.699997,108.0,106.82,107.730003,26802500,106.717038,0.009369434841753677,0.007387321893896237,0.007612631363409173,-0.02125684935145966,0.007612631363409173,0,-0.008387321893896238,1.0522482121695598,0.8490009299968653
2016-09-06,107.900002,108.300003,107.510002,107.699997,26880400,106.687314,-0.00027853096897234586,0.008238133830391847,0.03999735252816089,0.002321260051593388,0.03999735252816089,0,0.0,1.0522482121695598,0.8487644569451748
2016-09-07,107.830002,108.760002,107.07,108.360001,42364300,107.341112,0.0061281700277879825,0.02226415698812967,0.542387543941155,0.03146913551631547,0.542387543941155,0,0.0,1.0522482121695598,0.853965829850878
2016-09-08,107.25,107.269997,105.239998,105.519997,53002000,104.527812,-0.02620897014743051,-0.005466556602534922,-0.5029949260834876,0.09524264221659973,-0.5029949260834876,0,0.0,1.0522482121695598,0.8315842649093906
2016-09-09,104.639999,105.720001,103.129997,103.129997,46557000,102.160285,-0.02264973268549808,-0.03373002974724171,-1.5355121943914167,0.11432174450178945,-1.5355121943914167,-1,0.0,1.0522482121695598,0.8127491036037265
2016-09-12,102.650002,105.720001,102.529999,105.440002,45292800,104.44857,0.022398968444538037,-0.02125684935145966,-1.0726279609430036,0.0772002910140368,-1.0726279609430036,-1,0.0,1.0522482121695598,0.830953845128673
2016-09-13,107.510002,108.790001,107.239998,107.949997,62176200,106.934963,0.023804950130001723,0.002321260051593388,-0.2264716047447026,0.052061167309704004,-0.2264716047447026,0,0.0,1.0522482121695598,0.8507346599722942
2016-09-14,108.730003,113.029999,108.599998,111.769997,110888700,110.719044,0.035386751852151566,0.03146913551631547,0.8493013425944891,0.015925625224870954,0.8493013425944891,0,0.0,1.0522482121695598,0.8808393962767583
2016-09-15,113.860001,115.730003,113.489998,115.57,89983600,114.483317,0.033998423974831216,0.09524264221659973,2.9789956268165976,-0.008220105991513127,2.9789956268165976,1,0.0,1.0522482121695598,0.9107865475251099
2016-09-16,115.120003,116.129997,114.040001,114.919998,79886900,113.839427,-0.005624312929367714,0.11432174450178945,3.2595226532550563,-0.019230762642542087,3.2595226532550563,1,-0.11532174450178945,0.930901112693277,0.9056639989699703
2016-09-19,115.190002,116.18,113.25,113.580002,47023000,112.51203,-0.011660257214752168,0.0772002910140368,1.9592630798990638,-0.006163092071132303,1.9592630798990638,1,0.0,0.930901112693277,0.8951037237918394
2016-09-20,113.050003,114.120003,112.510002,113.57,34514300,112.502122,-8.80616943805812e-05,0.052061167309704004,1.1317923988543253,-0.004226498056632111,1.1317923988543253,1,0.0,0.930901112693277,0.895024899441276
2016-09-21,113.849998,113.989998,112.440002,113.550003,36003200,112.482314,-0.00017606779008128015,0.015925625224870954,-0.027162433365534318,0.003522624899057414,-0.027162433365534318,0,0.0,0.930901112693277,0.8948673143851636
2016-09-22,114.349998,114.940002,114.0,114.620003,31074000,113.542252,0.009423152514447697,-0.008220105991513127,-0.8157801692268988,-0.021287749339338524,-0.8157801692268988,0,0.0,0.930901112693277,0.9032997855688093
2016-09-23,114.419998,114.790001,111.550003,112.709999,52481200,111.650208,-0.016663787855819456,-0.019230762642542087,-1.1626761340904959,0.0030166267133151514,-1.1626761340904959,-1,-0.02023076264254209,0.912068273238701,0.8882473895718834
2016-09-26,111.639999,113.389999,111.550003,112.879997,29869400,111.818608,0.0015082820087535254,-0.006163092071132303,-0.7416077442663125,-0.0031892366250884097,-0.7416077442663125,0,0.0,0.912068273238701,0.8895871171288969
2016-09-27,113.0,113.18,112.339996,113.089996,24607400,112.026632,0.001860370145190915,-0.004226498056632111,-0.6608600207091926,-0.0007957929146705789,-0.6608600207091926,0,0.0,0.912068273238701,0.89124207844315
2016-09-28,113.690002,114.639999,113.43,113.949997,29641100,112.878547,0.0076045756691141,0.003522624899057414,-0.3975442922399456,-0.007898152693265992,-0.3975442922399456,0,0.0,0.912068273238701,0.8980195962681694
2016-09-29,113.160004,113.800003,111.800003,112.18,35887000,111.125193,-0.015533102140303123,-0.021287749339338524,-1.157653526107039,0.015243348103791465,-1.157653526107039,-1,0.0,0.912068273238701,0.8840705661553422
2016-09-30,112.459999,113.370003,111.800003,113.050003,36379100,111.987015,0.00775541510195632,0.0030166267133151514,-0.37934940103327947,0.008934053648987916,-0.37934940103327947,0,-0.0040166267133151514,0.9084048354480432,0.8909269003752984
2016-10-03,112.709999,113.050003,112.279999,112.519997,21701800,111.461992,-0.004688248900999836,-0.0031892366250884097,-0.5667686563704978,0.03137226365019563,-0.5667686563704978,0,0.0,0.9084048354480432,0.8867500133137427
2016-10-04,113.059998,114.309998,112.629997,113.0,29736800,111.937482,0.004265938473448472,-0.0007957929146705789,-0.483820306347555,0.029203569185163536,-0.483820306347555,0,0.0,0.9084048354480432,0.8905328343118687
2016-10-05,113.400002,113.660004,112.690002,113.050003,21453100,111.987015,0.0004425059338033499,-0.007898152693265992,-0.6880668444352461,0.03794774778129417,-0.6880668444352461,0,0.0,0.9084048354480432,0.8909269003752984
2016-10-06,113.699997,114.339996,113.129997,113.889999,28779300,112.819113,0.007430307879891185,0.015243348103791465,0.03874580892860013,0.027131475497418567,0.03874580892860013,0,0.0,0.9084048354480432,0.897546761543564
2016-10-07,114.309998,114.559998,113.510002,114.059998,24358400,112.987513,0.0014926548837519427,0.008934053648987916,-0.14898537555261576,0.03129931712011391,-0.14898537555261576,0,0.0,0.9084048354480432,0.8988864891005778
2016-10-10,115.019997,116.75,114.720001,116.050003,36236000,114.958807,0.017447007617558574,0.03137226365019563,0.5514868295456983,0.01292546468405864,0.5514868295456983,0,0.0,0.9084048354480432,0.914569368523236
2016-10-11,117.699997,118.690002,116.199997,116.300003,64041000,115.206456,0.002154241214420427,0.029203569185163536,0.4834454631767604,0.010060174058301063,0.4834454631767604,0,0.0,0.9084048354480432,0.9165395715503553
2016-10-12,117.349998,117.980003,116.75,117.339996,37586800,116.23667,0.008942328718105852,0.03794774778129417,0.7487561558255807,-0.0018748386374111137,0.7487561558255807,0,0.0,0.9084048354480432,0.9247355696823104
2016-10-13,116.790001,117.440002,115.720001,116.980003,35192400,115.880062,-0.0030679474902369774,0.027131475497418567,0.413063491444688,0.000683827732159914,0.413063491444688,0,0.0,0.9084048354480432,0.9218985295121707
2016-10-14,117.879997,118.169998,117.129997,117.629997,35652200,116.523945,0.00555646061010906,0.03129931712011391,0.5297276359199663,-0.008756260354899625,0.5297276359199663,0,0.0,0.9084048354480432,0.9270210223779225
2016-10-17,117.330002,117.839996,116.779999,117.550003,23624900,116.444703,-0.0006800490663099179,0.01292546468405864,-0.05267773080413735,0.0008506870424154211,-0.05267773080413735,0,0.0,0.9084048354480432,0.9263906025972047
2016-10-18,118.18,118.209999,117.449997,117.470001,24553500,116.365453,-0.0006805805498941719,0.010060174058301063,-0.16294389796121347,0.006639986182153335,-0.16294389796121347,0,0.0,0.9084048354480432,0.9257601191714724
2016-10-19,117.25,117.760002,113.800003,117.120003,20034600,116.018745,-0.0029794753602686574,-0.0018748386374111137,-0.5676723411524325,-0.013063578648432994,-0.5676723411524325,0,0.0,0.9084048354480432,0.9230018397068817
2016-10-20,116.860001,117.379997,116.330002,117.059998,24125800,115.959304,-0.0005123396223600807,0.000683827732159914,-0.4692092412808661,-0.022039930491476567,-0.4692092412808661,0,0.0,0.9084048354480432,0.9225289492928885
2016-10-21,116.809998,116.910004,116.279999,116.599998,23192700,115.503631,-0.003929594127263902,-0.008756260354899625,-0.7472487712882092,-0.02469981225092399,-0.7472487712882092,0,0.0,0.9084048354480432,0.9189037849515163
2016-10-24,117.099998,117.739998,117.0,117.650002,23538700,116.543761,0.009005171447813654,0.0008506870424154211,-0.41107785213649833,-0.034934130879816006,-0.41107785213649833,0,0.0,0.9084048354480432,0.9271786710790495
2016-10-25,117.949997,118.360001,117.309998,118.25,48129000,117.138118,0.005099861158590846,0.006639986182153335,-0.18485285528363082,-0.05716704446284526,-0.18485285528363082,0,0.0,0.9084048354480432,0.9319071535707594
2016-10-26,114.309998,115.699997,113.309998,115.589996,66134200,114.503125,-0.022494752732838075,-0.013063578648432994,-0.8571894084594007,-0.0346050642722634,-0.8571894084594007,0,0.0,0.9084048354480432,0.9109441325812222
2016-10-27,115.389999,115.860001,114.099998,114.480003,34562000,113.403569,-0.009602847083867716,-0.022039930491476567,-1.146091788011441,-0.03569278317863178,-1.146091788011441,-1,0.0,0.9084048354480432,0.9021964753740982
2016-10-28,113.870003,115.209999,113.449997,113.720001,37861700,112.650713,-0.006638732860338892,-0.02469981225092399,-1.2018032151903941,-0.03799855221511117,-1.2018032151903941,-1,0.0,0.9084048354480432,0.8962070339865502
2016-10-31,113.650002,114.230003,113.199997,113.540001,26419400,112.472406,-0.001582830638630628,-0.034934130879816006,-1.509138845670672,-0.02257467489403575,-1.509138845670672,-1,0.0,0.9084048354480432,0.8947884900346
2016-11-01,113.459999,113.769997,110.529999,111.489998,43825800,110.441678,-0.0180553441703738,-0.05716704446284526,-2.1646174722223543,0.0012575687232858623,-2.1646174722223543,-1,0.0,0.9084048354480432,0.8786327758873362
2016-11-02,111.400002,112.349998,111.230003,111.589996,28331700,110.540737,0.0008969349415353101,-0.0346050642722634,-1.3487986068160527,-0.0012610192747312121,-1.3487986068160527,-1,0.0,0.9084048354480432,0.8794208523248077
2016-11-03,110.980003,111.459999,109.550003,109.830002,26932600,109.35588,-0.010718736206725255,-0.03569278317863178,-1.3359575845428822,-0.01857416354749286,-1.3359575845428822,-1,0.03469278317863178,0.939919927442663,0.8699945721940446
2016-11-04,108.529999,110.25,108.110001,108.839996,30837000,108.370149,-0.009013973459863323,-0.03799855221511117,-1.362596246120723,-0.003766969075589266,-1.362596246120723,-1,0.0,0.939919927442663,0.8621524642100624
2016-11-07,110.080002,110.510002,109.459999,110.410004,32560000,109.933378,0.014424904038842001,-0.02257467489403575,-0.826862327225057,-0.04256864553002271,-0.826862327225057,0,0.0,0.939919927442663,0.8745889307731437
2016-11-08,110.309998,111.720001,109.699997,111.059998,24054500,110.580566,0.005887092817251638,0.0012575687232858623,-0.031145746578543444,-0.03556633088674921,-0.031145746578543444,0,0.0,0.939919927442663,0.879737716985546
2016-11-09,109.879997,111.32,108.050003,110.879997,59176400,110.401343,-0.0016207459093672272,-0.0012610192747312121,-0.11116412465943405,-0.008026686776808512,-0.11116412465943405,0,0.0,0.939919927442663,0.8783118856794256
2016-11-10,111.089996,111.089996,105.830002,107.790001,57134500,107.324686,-0.027867930918195394,-0.01857416354749286,-0.6673830902304273,0.020038931211035615,-0.6673830902304273,0,0.01757416354749286,0.9564382339690879,0.8538351507246815
2016-11-11,107.120003,108.870003,106.550003,108.43,34143900,107.961922,0.005937459719192573,-0.003766969075589266,-0.1694246724885765,0.015032716812877878,-0.1694246724885765,0,0.0,0.9564382339690879,0.85890476253894
2016-11-14,107.709999,107.809998,104.080002,105.709999,51175500,105.253663,-0.025085316654514522,-0.04256864553002271,-1.4017321840762644,0.05694829832193116,-1.4017321840762644,-1,0.0,0.9564382339690879,0.8373588645945801
2016-11-15,106.57,107.68,106.160004,107.110001,32264500,106.647621,0.013243795610229814,-0.03556633088674921,-1.1468058748154757,0.043786780766539524,-1.1468058748154757,-1,0.0,0.9564382339690879,0.8484486742496848
2016-11-16,106.699997,110.230003,106.599998,109.989998,58840500,109.515186,0.026888222851215726,-0.008026686776808512,-0.2573312247014336,0.0112737972247976,-0.2573312247014336,0,0.0,0.9564382339690879,0.8712619512807289
2016-11-17,109.809998,110.349998,108.830002,109.949997,27632000,109.475358,-0.00036367559107286507,0.020038931211035615,0.6288690845954568,0.01673490759445606,0.6288690845954568,0,0.0,0.9564382339690879,0.8709450945756176
2016-11-18,109.720001,110.540001,109.660004,110.059998,28428900,109.584883,0.001000453453643857,0.015032716812877878,0.4525025662225941,0.01371981206568429,0.4525025662225941,0,0.0,0.9564382339690879,0.87181643460342
2016-11-21,110.120003,111.989998,110.010002,111.730003,29264600,111.24768,0.015173598351152062,0.05694829832193116,1.720355996705152,-0.002416580732290341,1.720355996705152,1,-0.05794829832193116,0.9010142658605462,0.8850450270180257
2016-11-22,111.949997,112.419998,111.400002,111.800003,25965500,111.317377,0.0006265029526906218,0.043786780766539524,1.2609260888020386,-0.01144906603395801,1.2609260888020386,1,0.0,0.9010142658605462,0.8855995103407166
2016-11-23,111.360001,111.510002,110.330002,111.230003,27426400,110.749838,-0.005098386391192089,0.0112737972247976,0.2313879104857969,-0.015643309564028485,0.2313879104857969,0,0.0,0.9010142658605462,0.8810843818491492
2016-11-25,111.129997,111.870003,110.949997,111.790001,11475900,111.307418,0.00503458975714266,0.01673490759445606,0.38546875962361005,-0.01690668990273403,0.38546875962361005,0,0.0,0.9010142658605462,0.8855202802531853
2016-11-28,111.43,112.470001,111.389999,111.57,27194000,111.088367,-0.0019679820441077522,0.01371981206568429,0.27964619677940117,-0.022048933350510058,0.27964619677940117,0,0.0,0.9010142658605462,0.8837775922419537
2016-11-29,110.779999,112.029999,110.07,111.459999,28528800,110.978841,-0.0009859358181041333,-0.002416580732290341,-0.22237521804718036,-0.013547474333418186,-0.22237521804718036,0,-0.003416580732290341,0.8979358778802884,0.8829062442585246
2016-11-30,111.599998,112.199997,110.269997,110.519997,36162300,110.042897,-0.008433535542148984,-0.01144906603395801,-0.4948977217473751,0.004614564082223271,-0.4948977217473751,0,0.0,0.8979358778802884,0.8754602230671851
2016-12-01,110.370003,110.940002,109.029999,109.489998,37086900,109.017344,-0.009319574710942025,-0.015643309564028485,-0.6063455877660502,0.024020508149602326,-0.6063455877660502,0,0.0,0.8979358778802884,0.8673013061118525
2016-12-02,109.169998,110.089996,108.849998,109.900002,26528000,109.425578,0.0037446702058712145,-0.01690668990273403,-0.6381748200896,0.03685163993376395,-0.6381748200896,0,0.0,0.8979358778802884,0.8705490634723627
2016-12-05,110.0,110.029999,108.25,109.110001,34324500,108.638987,-0.007188365045693423,-0.022048933350510058,-0.8099463771681745,0.038401637526314536,-0.8099463771681745,0,0.0,0.8979358778802884,0.8642912390139368
2016-12-06,109.5,110.360001,109.190002,109.949997,26195500,109.475358,0.007698626644963014,-0.013547474333418186,-0.5481167489421496,0.04765807662396493,-0.5481167489421496,0,0.0,0.8979358778802884,0.8709450945756175
2016-12-07,109.260002,111.190002,109.160004,111.029999,29998700,110.550697,0.00982265799030313,0.004614564082223271,0.0234470849375282,0.037467389282945796,0.0234470849375282,0,0.0,0.8979358778802884,0.8795000903679661
2016-12-08,110.860001,112.43,110.599998,112.120003,27068300,111.635996,0.009817206308522897,0.024020508149602326,0.6412990424289678,0.03300032365904615,0.6412990424289678,0,0.0,0.8979358778802884,0.8881343242034729
2016-12-09,112.309998,114.699997,112.309998,113.949997,34402600,113.45809,0.016321742675185158,0.03685163993376395,1.15196234811346,0.017727109631406668,1.15196234811346,1,0.0,0.8979358778802884,0.9026302241041215
2016-12-12,113.290001,115.0,112.489998,113.300003,26374400,112.810902,-0.005704203199613178,0.038401637526314536,1.410533258149396,0.029479225332317727,1.410533258149396,1,0.0,0.8979358778802884,0.8974814378917192
2016-12-13,113.839996,115.919998,113.75,115.190002,43733800,114.692743,0.01668137535147096,0.04765807662396493,1.8688890326149086,0.015279048649137428,1.8688890326149086,1,0.0,0.8979358778802884,0.9124526626281688
2016-12-14,115.040001,116.199997,114.980003,115.190002,34031800,114.692743,0.0,0.037467389282945796,1.4966114129233588,0.016234000088392708,1.4966114129233588,1,0.0,0.8979358778802884,0.9124526626281688
2016-12-15,115.379997,116.730003,115.230003,115.82,46524500,115.32002,0.005469195204443,0.03300032365904615,1.2882901107581917,0.004058037797773473,1.2882901107581917,1,0.0,0.8979358778802884,0.9174430443548961
2016-12-16,116.470001,116.5,115.650002,115.970001,44351100,115.469374,0.0012951263796172618,0.017727109631406668,0.6532406359985989,0.004742564898637003,0.6532406359985989,0,0.016727109631406667,0.9129557497515652,0.9186312490434365
2016-12-19,115.800003,117.379997,115.75,116.639999,27779400,116.13648,0.00577734144466735,0.029479225332317727,1.088692395314128,0.005315521875641327,1.088692395314128,1,0.0,0.9129557497515652,0.9239384954309017
2016-12-20,116.739998,117.5,116.68,116.949997,21425000,116.445139,0.0026577264955851554,0.015279048649137428,0.5049269534757129,-0.0016245761877616838,0.5049269534757129,0,0.0,0.9129557497515652,0.9263940712504994
2016-12-21,116.800003,117.400002,116.779999,117.059998,23783200,116.554665,0.0009405802675885866,0.016234000088392708,0.5285603064536112,-0.0028190120060831436,0.5285603064536112,0,0.0,0.9129557497515652,0.9272654192339287
2016-12-22,116.349998,116.510002,115.639999,116.290001,26085900,115.787993,-0.006577789057177541,0.004058037797773473,0.04189822742259197,-0.004041636683347671,0.04189822742259197,0,0.0,0.9129557497515652,0.9211660629061926
2016-12-23,115.589996,116.519997,115.589996,116.519997,14249500,116.016995,0.0019777698366356677,0.004742564898637003,0.052335799797901865,-0.003175379607099793,0.052335799797901865,0,0.0,0.9129557497515652,0.9229879173599409
2016-12-27,116.519997,117.800003,116.489998,117.260002,18296900,116.753806,0.006350888505602059,0.005315521875641327,0.07386067738798062,-0.010574832995165928,0.07386067738798062,0,0.004315521875641327,0.9168956302611108,0.9288497107151117
2016-12-28,117.519997,118.019997,116.199997,116.760002,20905900,116.255965,-0.004264023735551681,-0.0016245761877616838,-0.20668278820714564,-0.001284699671109335,-0.20668278820714564,0,0.0,0.9168956302611108,0.9248890735018621
2016-12-29,116.449997,117.110001,116.400002,116.730003,15039500,116.226096,-0.00025692445114544604,-0.0028190120060831436,-0.2533558707815373,0.010108796909086726,-0.2533558707815373,0,0.0,0.9168956302611108,0.9246514468842822
2016-12-30,116.650002,117.199997,115.43,115.82,30586300,115.32002,-0.007795805169262482,-0.004041636683347671,-0.3054772764738876,0.027370043813728095,-0.3054772764738876,0,0.0,0.9168956302611108,0.9174430443548958
2017-01-03,115.800003,116.330002,114.760002,116.150002,28781900,115.648597,0.0028492624264200295,-0.003175379607099793,-0.25853932867376134,0.025484286679241075,-0.25853932867376134,0,0.0,0.9168956302611108,0.9200570803495566
2017-01-04,115.849998,116.510002,115.75,116.019997,21118100,115.519154,-0.001119278602229823,-0.010574832995165928,-0.542907027520563,0.03214965545886872,-0.542907027520563,0,0.0,0.9168956302611108,0.9190272801466913
2017-01-05,115.919998,116.860001,115.809998,116.610001,22193600,116.106611,0.005085364458261132,-0.001284699671109335,-0.14850397477628122,0.022639563564558873,-0.14850397477628122,0,0.0,0.9168956302611108,0.9237008688133217
2017-01-06,116.779999,118.160004,116.470001,117.910004,31751900,117.401002,0.011148297145629371,0.010108796909086726,0.33163669447567484,0.009583555343079642,0.33163669447567484,0,0.0,0.9168956302611108,0.9339985605725286
2017-01-09,117.949997,119.43,117.940002,118.989998,33387600,118.476334,0.0091594788943965,0.027370043813728095,1.0585138661733215,0.008488125569449334,1.0585138661733215,1,0.0,0.9168956302611108,0.9425535006754894
2017-01-10,118.769997,119.379997,118.300003,119.110001,24462100,118.595819,0.0010085136496544855,0.025484286679241075,0.9825410388095531,0.007388101936375957,0.9825410388095531,0,0.0,0.9168956302611108,0.9435040787464503
2017-01-11,118.739998,119.93,118.599998,119.75,27588600,119.233055,0.005373174243182843,0.03214965545886872,1.2579898911068181,0.0002505177779770218,1.2579898911068181,1,0.0,0.9168956302611108,0.9485736905607086
2017-01-12,118.900002,119.300003,118.209999,119.25,27086200,118.735214,-0.004175360599457889,0.022639563564558873,0.852551315264046,0.006289305209826068,0.852551315264046,0,0.0,0.9168956302611108,0.944613053347459
2017-01-13,119.110001,119.620003,118.809998,119.040001,26111900,118.526121,-0.0017610024267947777,0.009583555343079642,0.3132095229926842,0.008736572084393046,0.3132095229926842,0,0.0,0.9168956302611108,0.9429495874681322
2017-01-17,118.339996,120.239998,118.220001,120.0,34439800,119.481976,0.008064509256993313,0.008488125569449334,0.2606868812821175,-0.0002499874960220083,0.2606868812821175,0,0.007488125569449334,0.9237614598745855,0.950554013145147
2017-01-18,120.0,120.5,119.709999,119.989998,23713000,119.472017,-8.335148390925529e-05,0.007388101936375957,0.21053487676433116,0.015751311874143692,0.21053487676433116,0,0.0,0.9237614598745855,0.9504747830576155
2017-01-19,119.400002,120.089996,119.370003,119.779999,25597300,119.262925,-0.0017501336735613604,0.0002505177779770218,-0.09069523609073842,0.018033089495331556,-0.09069523609073842,0,0.0,0.9237614598745855,0.9488113251339154
2017-01-20,120.449997,120.449997,119.730003,120.0,32597900,119.481976,0.0018367065875670718,0.006289305209826068,0.15543628306993812,0.01624997397096939,0.15543628306993812,0,0.0,0.9237614598745855,0.9505540131451471
2017-01-23,120.0,120.809998,119.769997,120.080002,22050200,119.561633,0.0006666863293254277,0.008736572084393046,0.2551711204332699,0.012908020418222366,0.2551711204332699,0,0.0,0.9237614598745855,0.9511877345109964
2017-01-24,119.550003,120.099998,119.5,119.970001,23211000,119.452107,-0.0009160630986029261,-0.0002499874960220083,-0.1258198062190158,0.011502852770943761,-0.1258198062190158,0,0.0,0.9237614598745855,0.9503163865275671
2017-01-25,120.419998,122.099998,120.279999,121.879997,32377600,121.353858,0.015920614945703848,0.015751311874143692,0.5157855866255037,0.05636693478669619,0.5157855866255037,0,0.0,0.9237614598745855,0.9654460077940652
2017-01-26,121.669998,122.440002,121.599998,121.940002,26337600,121.413604,0.0004923288058960029,0.018033089495331556,0.5866836007493268,0.05404293904330504,0.5866836007493268,0,0.0,0.9237614598745855,0.9659213246742395
2017-01-27,122.139999,122.349998,121.599998,121.949997,20562900,121.423555,8.195951419076586e-05,0.01624997397096939,0.48602970986399546,0.05846662947728731,0.48602970986399546,0,0.0,0.9237614598745855,0.9660004911167563
2017-01-30,120.93,121.629997,120.660004,121.629997,30377500,121.104937,-0.0026240213441287574,0.012908020418222366,0.31124492637936246,0.07119950857164481,0.31124492637936246,0,0.0,0.9237614598745855,0.9634656852096272
2017-01-31,121.150002,121.389999,120.620003,121.349998,49201000,120.826147,-0.002302053135950999,0.011502852770943761,0.21783965984090525,0.08388957400089891,0.21783965984090525,0,0.0,0.9237614598745855,0.9612477360076092
2017-02-01,127.029999,130.490005,127.010002,128.75,111985000,128.194203,0.060980641880436615,0.05636693478669619,2.2532574435928643,0.02555334736938164,2.2532574435928643,1,0.0,0.9237614598745855,1.0198652399554697
2017-02-02,127.980003,129.389999,127.779999,128.529999,33710400,127.975152,-0.0017087434133038482,0.05404293904330504,2.0804184930150256,0.03473210174425101,2.0804184930150256,1,0.0,0.9237614598745855,1.0181225519442383
2017-02-03,128.309998,129.190002,128.160004,129.080002,24507300,128.522781,0.004279182258756009,0.05846662947728731,2.177439123608887,0.027988921279255452,2.177439123608887,1,0.0,0.9237614598745855,1.0224792839057575
2017-02-06,129.130005,130.5,128.899994,130.289993,26845900,129.727549,0.00937396460476525,0.07119950857164481,2.5589578311691863,0.02746096744647497,2.5589578311691863,1,0.0,0.9237614598745855,1.0320639685221957
2017-02-07,130.539993,132.089996,130.449997,131.529999,38183800,130.962201,0.00951726914997808,0.08388957400089891,2.839258083664545,0.0309845357592915,2.839258083664545,1,0.0,0.9237614598745855,1.041886399090616
2017-02-08,131.350006,132.220001,131.220001,132.039993,23004100,131.469994,0.003877401235796496,0.02555334736938164,0.448334060507366,0.03072945298833729,0.448334060507366,0,0.02455334736938164,0.9464428958853334,1.0459262107020095
2017-02-09,131.649994,132.449997,131.119995,132.419998,28349900,132.419998,0.007226013868989689,0.03473210174425101,0.798989434521537,0.022126627731862802,0.798989434521537,0,0.0,0.9464428958853334,1.0534840880064822
